-- MySQL dump 10.13  Distrib 8.0.19, for Win64 (x86_64)
--
-- Host: localhost    Database: railway
-- ------------------------------------------------------
-- Server version	8.0.44

/*!40101 SET @OLD_CHARACTER_SET_CLIENT=@@CHARACTER_SET_CLIENT */;
/*!40101 SET @OLD_CHARACTER_SET_RESULTS=@@CHARACTER_SET_RESULTS */;
/*!40101 SET @OLD_COLLATION_CONNECTION=@@COLLATION_CONNECTION */;
/*!50503 SET NAMES utf8mb4 */;
/*!40103 SET @OLD_TIME_ZONE=@@TIME_ZONE */;
/*!40103 SET TIME_ZONE='+00:00' */;
/*!40014 SET @OLD_UNIQUE_CHECKS=@@UNIQUE_CHECKS, UNIQUE_CHECKS=0 */;
/*!40014 SET @OLD_FOREIGN_KEY_CHECKS=@@FOREIGN_KEY_CHECKS, FOREIGN_KEY_CHECKS=0 */;
/*!40101 SET @OLD_SQL_MODE=@@SQL_MODE, SQL_MODE='NO_AUTO_VALUE_ON_ZERO' */;
/*!40111 SET @OLD_SQL_NOTES=@@SQL_NOTES, SQL_NOTES=0 */;

--
-- Table structure for table `_prisma_migrations`
--

DROP TABLE IF EXISTS `_prisma_migrations`;
/*!40101 SET @saved_cs_client     = @@character_set_client */;
/*!50503 SET character_set_client = utf8mb4 */;
CREATE TABLE `_prisma_migrations` (
  `id` varchar(36) COLLATE utf8mb4_unicode_ci NOT NULL,
  `checksum` varchar(64) COLLATE utf8mb4_unicode_ci NOT NULL,
  `finished_at` datetime(3) DEFAULT NULL,
  `migration_name` varchar(255) COLLATE utf8mb4_unicode_ci NOT NULL,
  `logs` text COLLATE utf8mb4_unicode_ci,
  `rolled_back_at` datetime(3) DEFAULT NULL,
  `started_at` datetime(3) NOT NULL DEFAULT CURRENT_TIMESTAMP(3),
  `applied_steps_count` int unsigned NOT NULL DEFAULT '0',
  PRIMARY KEY (`id`)
) ENGINE=InnoDB DEFAULT CHARSET=utf8mb4 COLLATE=utf8mb4_unicode_ci;
/*!40101 SET character_set_client = @saved_cs_client */;

--
-- Dumping data for table `_prisma_migrations`
--

LOCK TABLES `_prisma_migrations` WRITE;
/*!40000 ALTER TABLE `_prisma_migrations` DISABLE KEYS */;
INSERT INTO `_prisma_migrations` VALUES ('159c8aa6-fc52-4122-ac36-db92a0c9fd67','b0a1851764dac060768a9e3e88e7caf82fe765f0ed8f10ea015cc9601ad7360d','2025-11-23 15:14:31.982','20251123144945_add_user_isactive',NULL,NULL,'2025-11-23 15:14:30.948',1),('7e3dbe60-22fd-44e3-a2af-e6377ba31108','df3c9fcc4055502a573be37a862491f09481336770f59e7167bbf04eb139d5bd','2025-12-04 11:29:25.688','20251204112925_add_matches_won_to_closure_entry',NULL,NULL,'2025-12-04 11:29:25.674',1),('7eff1782-52e9-4e89-ada8-480991a3537e','c7c9341496f504abe05a97dc6d1717f1ba02f439a2ffd80ee6f1ed70f884ca7c','2025-12-04 11:42:47.777','20251204114247_add_is_active_to_season',NULL,NULL,'2025-12-04 11:42:47.763',1),('b9686821-3c7c-48d7-b5ee-fa0494d545a8','f4cd817387b446c738831076da0f23d457defeeac419f8cbe9ab467e2771ad55','2025-12-17 08:34:56.734','20251217_add_performance_indexes_and_stats',NULL,NULL,'2025-12-17 08:34:55.769',1),('ceb5dc9c-0ac7-483e-b510-5f916ddd6a69','564d59cb0562ffde3567735589f7a004d0e4d1fe9a7adebe2bfb13ca7a96265c','2025-12-04 11:59:44.827','20251204115936_remove_current_group_id',NULL,NULL,'2025-12-04 11:59:44.810',1);
/*!40000 ALTER TABLE `_prisma_migrations` ENABLE KEYS */;
UNLOCK TABLES;

--
-- Table structure for table `bug_reports`
--

DROP TABLE IF EXISTS `bug_reports`;
/*!40101 SET @saved_cs_client     = @@character_set_client */;
/*!50503 SET character_set_client = utf8mb4 */;
CREATE TABLE `bug_reports` (
  `id` varchar(191) COLLATE utf8mb4_unicode_ci NOT NULL,
  `userId` varchar(191) COLLATE utf8mb4_unicode_ci DEFAULT NULL,
  `email` varchar(191) COLLATE utf8mb4_unicode_ci DEFAULT NULL,
  `description` text COLLATE utf8mb4_unicode_ci NOT NULL,
  `status` enum('OPEN','ACK','CLOSED') COLLATE utf8mb4_unicode_ci NOT NULL DEFAULT 'OPEN',
  `userAgent` text COLLATE utf8mb4_unicode_ci,
  `appVersion` varchar(191) COLLATE utf8mb4_unicode_ci DEFAULT NULL,
  `attachments` text COLLATE utf8mb4_unicode_ci,
  `createdAt` datetime(3) NOT NULL DEFAULT CURRENT_TIMESTAMP(3),
  `updatedAt` datetime(3) NOT NULL,
  PRIMARY KEY (`id`),
  KEY `bug_reports_status_idx` (`status`),
  KEY `bug_reports_userId_fkey` (`userId`),
  CONSTRAINT `bug_reports_userId_fkey` FOREIGN KEY (`userId`) REFERENCES `users` (`id`) ON DELETE SET NULL ON UPDATE CASCADE
) ENGINE=InnoDB DEFAULT CHARSET=utf8mb4 COLLATE=utf8mb4_unicode_ci;
/*!40101 SET character_set_client = @saved_cs_client */;

--
-- Dumping data for table `bug_reports`
--

LOCK TABLES `bug_reports` WRITE;
/*!40000 ALTER TABLE `bug_reports` DISABLE KEYS */;
INSERT INTO `bug_reports` VALUES ('cmirca17f000179pz5jviamvh','cmibvu2w60001gz7mlolmvb4o','asdasdasd@test.com','asdasdasd','OPEN','Mozilla/5.0 (Windows NT 10.0; Win64; x64) AppleWebKit/537.36 (KHTML, like Gecko) Chrome/142.0.0.0 Safari/537.36','1.0.0',NULL,'2025-12-04 11:15:02.425','2025-12-04 11:15:02.425');
/*!40000 ALTER TABLE `bug_reports` ENABLE KEYS */;
UNLOCK TABLES;

--
-- Table structure for table `group_players`
--

DROP TABLE IF EXISTS `group_players`;
/*!40101 SET @saved_cs_client     = @@character_set_client */;
/*!50503 SET character_set_client = utf8mb4 */;
CREATE TABLE `group_players` (
  `id` varchar(191) COLLATE utf8mb4_unicode_ci NOT NULL,
  `groupId` varchar(191) COLLATE utf8mb4_unicode_ci NOT NULL,
  `playerId` varchar(191) COLLATE utf8mb4_unicode_ci NOT NULL,
  `rankingPosition` int NOT NULL DEFAULT '0',
  `createdAt` datetime(3) NOT NULL DEFAULT CURRENT_TIMESTAMP(3),
  `updatedAt` datetime(3) NOT NULL,
  PRIMARY KEY (`id`),
  UNIQUE KEY `group_players_groupId_playerId_key` (`groupId`,`playerId`),
  KEY `group_players_groupId_idx` (`groupId`),
  KEY `group_players_playerId_idx` (`playerId`),
  CONSTRAINT `group_players_groupId_fkey` FOREIGN KEY (`groupId`) REFERENCES `groups` (`id`) ON DELETE CASCADE ON UPDATE CASCADE,
  CONSTRAINT `group_players_playerId_fkey` FOREIGN KEY (`playerId`) REFERENCES `players` (`id`) ON DELETE CASCADE ON UPDATE CASCADE
) ENGINE=InnoDB DEFAULT CHARSET=utf8mb4 COLLATE=utf8mb4_unicode_ci;
/*!40101 SET character_set_client = @saved_cs_client */;

--
-- Dumping data for table `group_players`
--

LOCK TABLES `group_players` WRITE;
/*!40000 ALTER TABLE `group_players` DISABLE KEYS */;
INSERT INTO `group_players` VALUES ('cmibvu2y00008gz7mu7m3lp6s','cmibvu2xq0003gz7mqbiwp9ag','cmibvu2xx0006gz7mv9zrcymp',8,'2025-11-23 15:38:11.688','2025-12-05 13:14:09.099'),('cmibvu2y7000dgz7mnq3uyx9o','cmibvu2xq0003gz7mqbiwp9ag','cmibvu2y5000bgz7mti9dvc58',4,'2025-11-23 15:38:11.696','2025-12-05 13:14:09.085'),('cmibvu2yf000igz7m2m903zu5','cmibvu2xq0003gz7mqbiwp9ag','cmibvu2yd000ggz7m9i7nfsfm',3,'2025-11-23 15:38:11.704','2025-12-05 13:14:09.082'),('cmibvu2yn000ngz7mqyyzxed3','cmibvu2xq0003gz7mqbiwp9ag','cmibvu2yk000lgz7mzpume44l',1,'2025-11-23 15:38:11.711','2025-12-05 13:14:09.069'),('cmibvu2yv000sgz7mzzjwcdcb','cmibvu2xq0003gz7mqbiwp9ag','cmibvu2ys000qgz7mf2syi88f',5,'2025-11-23 15:38:11.719','2025-12-05 13:14:09.089'),('cmibvu2z6000xgz7mbmfaru78','cmibvu2xq0003gz7mqbiwp9ag','cmibvu2z3000vgz7mswkprtg3',2,'2025-11-23 15:38:11.730','2025-12-05 13:14:09.078'),('cmibvu2zg0012gz7mmf5baost','cmibvu2xq0003gz7mqbiwp9ag','cmibvu2zd0010gz7mq8zwk3g0',7,'2025-11-23 15:38:11.741','2025-12-05 13:14:09.096'),('cmibvu2zp0017gz7m42iny8im','cmibvu2xq0003gz7mqbiwp9ag','cmibvu2zm0015gz7mjfdwearb',6,'2025-11-23 15:38:11.750','2025-12-05 13:14:09.092'),('cmibvu306001egz7mx2lx7avt','cmibvu2zt0019gz7mqtdw0os0','cmibvu303001cgz7m6oel93va',8,'2025-11-23 15:38:11.766','2025-12-04 11:25:08.875'),('cmibvu30i001jgz7mcm2b8diu','cmibvu2zt0019gz7mqtdw0os0','cmibvu30e001hgz7mna4s4zw7',4,'2025-11-23 15:38:11.778','2025-12-04 11:25:08.867'),('cmibvu30s001ogz7mtkcq5l2o','cmibvu2zt0019gz7mqtdw0os0','cmibvu30p001mgz7m1dzrd143',6,'2025-11-23 15:38:11.789','2025-12-04 11:25:08.871'),('cmibvu30z001tgz7mjpkxm687','cmibvu2zt0019gz7mqtdw0os0','cmibvu30x001rgz7m76raqbrk',3,'2025-11-23 15:38:11.796','2025-12-04 11:25:08.865'),('cmibvu318001ygz7mqcvb3lx5','cmibvu2zt0019gz7mqtdw0os0','cmibvu314001wgz7m6uqewand',5,'2025-11-23 15:38:11.804','2025-12-04 11:25:08.870'),('cmibvu31g0023gz7mexi1xmhd','cmibvu2zt0019gz7mqtdw0os0','cmibvu31d0021gz7m7vtftzi4',1,'2025-11-23 15:38:11.813','2025-12-04 11:25:08.862'),('cmibvu31p0028gz7mmxktwn3w','cmibvu2zt0019gz7mqtdw0os0','cmibvu31m0026gz7mr4a29vht',2,'2025-11-23 15:38:11.822','2025-12-04 11:25:08.864'),('cmibvu31x002dgz7m48omvxve','cmibvu2zt0019gz7mqtdw0os0','cmibvu31v002bgz7m63pip6pq',7,'2025-11-23 15:38:11.830','2025-12-04 11:25:08.873'),('cmibvu328002kgz7mjqafzu5q','cmibvu320002fgz7moj17dz1c','cmibvu326002igz7mr4efrwm8',3,'2025-11-23 15:38:11.840','2025-12-04 11:25:08.883'),('cmibvu32e002pgz7maynwg6lu','cmibvu320002fgz7moj17dz1c','cmibvu32c002ngz7mctqwi3la',4,'2025-11-23 15:38:11.847','2025-12-04 11:25:08.884'),('cmibvu32k002ugz7msobijlq1','cmibvu320002fgz7moj17dz1c','cmibvu32i002sgz7md9rvjwav',2,'2025-11-23 15:38:11.852','2025-12-04 11:25:08.881'),('cmibvu32p002zgz7mwsepv26q','cmibvu320002fgz7moj17dz1c','cmibvu32o002xgz7mofmvu4ve',8,'2025-11-23 15:38:11.858','2025-12-04 11:25:08.893'),('cmibvu32v0034gz7msnj10ekj','cmibvu320002fgz7moj17dz1c','cmibvu32t0032gz7mwxp64rx3',6,'2025-11-23 15:38:11.864','2025-12-04 11:25:08.888'),('cmibvu3320039gz7m747gdvxr','cmibvu320002fgz7moj17dz1c','cmibvu3300037gz7mbw67y5tj',1,'2025-11-23 15:38:11.871','2025-12-04 11:25:08.879'),('cmibvu338003egz7m0gmywp02','cmibvu320002fgz7moj17dz1c','cmibvu336003cgz7my419e328',7,'2025-11-23 15:38:11.876','2025-12-04 11:25:08.890'),('cmibvu33e003jgz7mzgx8u1ta','cmibvu320002fgz7moj17dz1c','cmibvu33c003hgz7muyhkqoqv',5,'2025-11-23 15:38:11.883','2025-12-04 11:25:08.886'),('cmibvu33m003qgz7m5f9o5udo','cmibvu33g003lgz7m8d5n153b','cmibvu33k003ogz7m4woddt3w',2,'2025-11-23 15:38:11.890','2025-12-04 11:25:08.899'),('cmibvu33s003vgz7mlmj9getb','cmibvu33g003lgz7m8d5n153b','cmibvu33q003tgz7muoobynci',8,'2025-11-23 15:38:11.897','2025-12-04 11:25:08.913'),('cmibvu33y0040gz7mtxgepbuh','cmibvu33g003lgz7m8d5n153b','cmibvu33w003ygz7mmtzzuzxp',6,'2025-11-23 15:38:11.903','2025-12-04 11:25:08.908'),('cmibvu3440045gz7mfs8xhv7y','cmibvu33g003lgz7m8d5n153b','cmibvu3420043gz7mg1whb8zj',7,'2025-11-23 15:38:11.909','2025-12-04 11:25:08.911'),('cmibvu34a004agz7mqmoz4op5','cmibvu33g003lgz7m8d5n153b','cmibvu3480048gz7mz6l0fub2',5,'2025-11-23 15:38:11.914','2025-12-04 11:25:08.906'),('cmibvu34g004fgz7mf21w58cp','cmibvu33g003lgz7m8d5n153b','cmibvu34e004dgz7mad7pju7y',3,'2025-11-23 15:38:11.920','2025-12-04 11:25:08.902'),('cmibvu34m004kgz7ml0ukac5p','cmibvu33g003lgz7m8d5n153b','cmibvu34k004igz7mh4bsqrsz',1,'2025-11-23 15:38:11.927','2025-12-04 11:25:08.897'),('cmibvu34r004pgz7m7s6flrjy','cmibvu33g003lgz7m8d5n153b','cmibvu34p004ngz7mmpfo0ykp',4,'2025-11-23 15:38:11.932','2025-12-04 11:25:08.904'),('cmibvu34x004ugz7mnuu4nayu','cmibvu33g003lgz7m8d5n153b','cmibvu34v004sgz7ms57afh63',9,'2025-11-23 15:38:11.937','2025-12-04 11:25:08.915'),('cmibvu3550051gz7mgrgz36e9','cmibvu34z004wgz7mejfobg9r','cmibvu353004zgz7mlhf1ybj7',2,'2025-11-23 15:38:11.945','2025-12-04 11:25:08.923'),('cmibvu35a0056gz7mcew4w49t','cmibvu34z004wgz7mejfobg9r','cmibvu3580054gz7mzgql3jh6',6,'2025-11-23 15:38:11.951','2025-12-04 11:25:08.940'),('cmibvu35g005bgz7mj73jcgyl','cmibvu34z004wgz7mejfobg9r','cmibvu35e0059gz7mjia8ocyg',1,'2025-11-23 15:38:11.957','2025-12-04 11:25:08.920'),('cmibvu35m005ggz7m4ktpqf17','cmibvu34z004wgz7mejfobg9r','cmibvu35k005egz7mjmt18fbk',7,'2025-11-23 15:38:11.963','2025-12-04 11:25:08.943'),('cmibvu35s005lgz7mfn6ben74','cmibvu34z004wgz7mejfobg9r','cmibvu35q005jgz7mi1m4wlcz',4,'2025-11-23 15:38:11.968','2025-12-04 11:25:08.931'),('cmibvu360005qgz7mmh4iaa5x','cmibvu34z004wgz7mejfobg9r','cmibvu35x005ogz7m8vxu0zh1',5,'2025-11-23 15:38:11.976','2025-12-04 11:25:08.937'),('cmibvu368005vgz7mdjpka5o9','cmibvu34z004wgz7mejfobg9r','cmibvu366005tgz7mqrlyc502',3,'2025-11-23 15:38:11.984','2025-12-04 11:25:08.928'),('cmibvu36e0060gz7m8jzwy7n3','cmibvu34z004wgz7mejfobg9r','cmibvu36c005ygz7m9j8cs5xr',9,'2025-11-23 15:38:11.991','2025-12-04 11:25:08.949'),('cmibvu36k0065gz7mr3yfzxfe','cmibvu34z004wgz7mejfobg9r','cmibvu36j0063gz7mk1gt2mta',8,'2025-11-23 15:38:11.997','2025-12-04 11:25:08.946'),('cmibvu36t006cgz7mths598hz','cmibvu36m0067gz7mdbn1sihj','cmibvu36q006agz7mrqv6k1hr',4,'2025-11-23 15:38:12.005','2025-12-04 11:25:08.962'),('cmibvu36z006hgz7mmauyel59','cmibvu36m0067gz7mdbn1sihj','cmibvu36x006fgz7meleaqrw6',3,'2025-11-23 15:38:12.011','2025-12-04 11:25:08.960'),('cmibvu374006mgz7mhuj68ryk','cmibvu36m0067gz7mdbn1sihj','cmibvu372006kgz7m2haaxtz9',6,'2025-11-23 15:38:12.017','2025-12-04 11:25:08.967'),('cmibvu379006rgz7mn3cb7on0','cmibvu36m0067gz7mdbn1sihj','cmibvu378006pgz7mh104fdxb',7,'2025-11-23 15:38:12.022','2025-12-04 11:25:08.969'),('cmibvu37e006wgz7mnv1z1u1e','cmibvu36m0067gz7mdbn1sihj','cmibvu37c006ugz7mrbk10060',9,'2025-11-23 15:38:12.026','2025-12-04 11:25:08.973'),('cmibvu37i0071gz7mdd7ncvpb','cmibvu36m0067gz7mdbn1sihj','cmibvu37g006zgz7mmusf1bli',2,'2025-11-23 15:38:12.030','2025-12-04 11:25:08.956'),('cmibvu37m0076gz7mrtyumi8q','cmibvu36m0067gz7mdbn1sihj','cmibvu37l0074gz7mtpqc8c6l',5,'2025-11-23 15:38:12.035','2025-12-04 11:25:08.965'),('cmibvu37r007bgz7mqanvdz5i','cmibvu36m0067gz7mdbn1sihj','cmibvu37p0079gz7mmww4qnzg',8,'2025-11-23 15:38:12.039','2025-12-04 11:25:08.971'),('cmibvu37v007ggz7mj3axcunv','cmibvu36m0067gz7mdbn1sihj','cmibvu37u007egz7maeu8b0av',1,'2025-11-23 15:38:12.044','2025-12-04 11:25:08.954'),('cmibvu381007ngz7m0mewc26x','cmibvu37x007igz7mterb4iui','cmibvu37z007lgz7mqbjrmb27',1,'2025-11-23 15:38:12.049','2025-12-04 11:25:08.978'),('cmibvu385007sgz7mbncaebr2','cmibvu37x007igz7mterb4iui','cmibvu384007qgz7m87dyt54k',4,'2025-11-23 15:38:12.054','2025-12-04 11:25:08.984'),('cmibvu38a007xgz7mflqnlt4s','cmibvu37x007igz7mterb4iui','cmibvu388007vgz7mkdo04dte',8,'2025-11-23 15:38:12.058','2025-12-04 11:25:08.994'),('cmibvu38e0082gz7m694w2fz0','cmibvu37x007igz7mterb4iui','cmibvu38c0080gz7micvwqq5e',2,'2025-11-23 15:38:12.062','2025-12-04 11:25:08.980'),('cmibvu38i0087gz7mjr85qr54','cmibvu37x007igz7mterb4iui','cmibvu38h0085gz7mlx24b36c',6,'2025-11-23 15:38:12.067','2025-12-04 11:25:08.989'),('cmibvu38n008cgz7m8mtey7k0','cmibvu37x007igz7mterb4iui','cmibvu38m008agz7mrd1qtwae',5,'2025-11-23 15:38:12.071','2025-12-04 11:25:08.987'),('cmibvu38r008hgz7mryo02hbg','cmibvu37x007igz7mterb4iui','cmibvu38q008fgz7m23sl42p8',7,'2025-11-23 15:38:12.076','2025-12-04 11:25:08.992'),('cmibvu38w008mgz7mnjo1pdts','cmibvu37x007igz7mterb4iui','cmibvu38u008kgz7mbiu9uqej',3,'2025-11-23 15:38:12.080','2025-12-04 11:25:08.982'),('cmibvu392008tgz7mxp9wojua','cmibvu38x008ogz7mbejmhulo','cmibvu391008rgz7m8ys34zbw',4,'2025-11-23 15:38:12.086','2025-12-04 11:25:09.008'),('cmibvu396008ygz7m8s8tc99g','cmibvu38x008ogz7mbejmhulo','cmibvu395008wgz7m1f14g1ul',8,'2025-11-23 15:38:12.091','2025-12-04 11:25:09.018'),('cmibvu39b0093gz7mwsc4w3s9','cmibvu38x008ogz7mbejmhulo','cmibvu3990091gz7m3xx6g7hu',6,'2025-11-23 15:38:12.095','2025-12-04 11:25:09.014'),('cmibvu39g0098gz7mte82vel0','cmibvu38x008ogz7mbejmhulo','cmibvu39e0096gz7mzbrsz8gd',3,'2025-11-23 15:38:12.100','2025-12-04 11:25:09.005'),('cmibvu39l009dgz7m0sdvc8ad','cmibvu38x008ogz7mbejmhulo','cmibvu39j009bgz7mjemnb1a8',9,'2025-11-23 15:38:12.105','2025-12-04 11:25:09.021'),('cmibvu39p009igz7m0pq4ehed','cmibvu38x008ogz7mbejmhulo','cmibvu39o009ggz7mx3nwghle',13,'2025-11-23 15:38:12.110','2025-12-04 11:25:09.033'),('cmibvu39w009ngz7mbzz3z653','cmibvu38x008ogz7mbejmhulo','cmibvu39t009lgz7mi4hiw0v9',15,'2025-11-23 15:38:12.116','2025-12-04 11:25:09.038'),('cmibvu3a3009sgz7m1wo6tidn','cmibvu38x008ogz7mbejmhulo','cmibvu3a1009qgz7mpbb5ynw4',11,'2025-11-23 15:38:12.123','2025-12-04 11:25:09.027'),('cmibvu3aa009xgz7mtwfb37oi','cmibvu38x008ogz7mbejmhulo','cmibvu3a7009vgz7m0owqsna1',2,'2025-11-23 15:38:12.130','2025-12-04 11:25:09.002'),('cmibvu3ag00a2gz7ml22uub4d','cmibvu38x008ogz7mbejmhulo','cmibvu3af00a0gz7mkkplr69e',12,'2025-11-23 15:38:12.137','2025-12-04 11:25:09.030'),('cmibvu3al00a7gz7mlrwzabmx','cmibvu38x008ogz7mbejmhulo','cmibvu3aj00a5gz7m8o0g09se',10,'2025-11-23 15:38:12.141','2025-12-04 11:25:09.023'),('cmibvu3aq00acgz7mp4ipz83n','cmibvu38x008ogz7mbejmhulo','cmibvu3ao00aagz7m04w3fnxq',7,'2025-11-23 15:38:12.147','2025-12-04 11:25:09.016'),('cmibvu3av00ahgz7mrf2l72vj','cmibvu38x008ogz7mbejmhulo','cmibvu3at00afgz7mjoabttef',1,'2025-11-23 15:38:12.151','2025-12-04 11:25:09.000'),('cmibvu3b000amgz7mpbpzja1w','cmibvu38x008ogz7mbejmhulo','cmibvu3ay00akgz7mogqs968t',5,'2025-11-23 15:38:12.156','2025-12-04 11:25:09.010'),('cmibvu3b400argz7m4na5udgq','cmibvu38x008ogz7mbejmhulo','cmibvu3b200apgz7mlgnfpqa1',14,'2025-11-23 15:38:12.161','2025-12-04 11:25:09.036'),('cmibvu3bc00awgz7mnhhbhiis','cmibvu3b800augz7makttaell','cmibvu2xx0006gz7mv9zrcymp',3,'2025-11-23 15:38:12.168','2025-12-04 11:37:38.085'),('cmibvu3bf00aygz7m6i0xy27e','cmibvu3b800augz7makttaell','cmibvu2y5000bgz7mti9dvc58',8,'2025-11-23 15:38:12.171','2025-12-04 11:37:38.097'),('cmibvu3bj00b0gz7mgrsk18w3','cmibvu3b800augz7makttaell','cmibvu2yd000ggz7m9i7nfsfm',2,'2025-11-23 15:38:12.175','2025-12-04 11:37:38.082'),('cmibvu3bm00b2gz7mfv6ft1z6','cmibvu3b800augz7makttaell','cmibvu2yk000lgz7mzpume44l',1,'2025-11-23 15:38:12.179','2025-12-04 11:37:38.077'),('cmibvu3bp00b4gz7m5tu8jz9g','cmibvu3b800augz7makttaell','cmibvu2ys000qgz7mf2syi88f',7,'2025-11-23 15:38:12.182','2025-12-04 11:37:38.095'),('cmibvu3bt00b6gz7mw1gaoyam','cmibvu3b800augz7makttaell','cmibvu2z3000vgz7mswkprtg3',5,'2025-11-23 15:38:12.185','2025-12-04 11:37:38.090'),('cmibvu3bv00b8gz7mydm5zk79','cmibvu3b800augz7makttaell','cmibvu2zd0010gz7mq8zwk3g0',4,'2025-11-23 15:38:12.188','2025-12-04 11:37:38.088'),('cmibvu3bx00bagz7mlvwjjdkg','cmibvu3b800augz7makttaell','cmibvu2zm0015gz7mjfdwearb',6,'2025-11-23 15:38:12.190','2025-12-04 11:37:38.093'),('cmibvu3c100begz7mx2uk0sdp','cmibvu3bz00bcgz7mn5t0plzf','cmibvu303001cgz7m6oel93va',3,'2025-11-23 15:38:12.194','2025-12-04 11:37:38.108'),('cmibvu3c300bggz7mx2601czq','cmibvu3bz00bcgz7mn5t0plzf','cmibvu30e001hgz7mna4s4zw7',4,'2025-11-23 15:38:12.196','2025-12-04 11:37:38.111'),('cmibvu3c600bigz7mk1ivothd','cmibvu3bz00bcgz7mn5t0plzf','cmibvu30p001mgz7m1dzrd143',2,'2025-11-23 15:38:12.198','2025-12-04 11:37:38.107'),('cmibvu3c900bkgz7mjj6c7qea','cmibvu3bz00bcgz7mn5t0plzf','cmibvu30x001rgz7m76raqbrk',1,'2025-11-23 15:38:12.201','2025-12-04 11:37:38.104'),('cmibvu3cb00bmgz7mh1gajd05','cmibvu3bz00bcgz7mn5t0plzf','cmibvu314001wgz7m6uqewand',8,'2025-11-23 15:38:12.203','2025-12-04 11:37:38.119'),('cmibvu3cd00bogz7moi55wdz8','cmibvu3bz00bcgz7mn5t0plzf','cmibvu31d0021gz7m7vtftzi4',6,'2025-11-23 15:38:12.205','2025-12-04 11:37:38.115'),('cmibvu3cf00bqgz7mw99it2z6','cmibvu3bz00bcgz7mn5t0plzf','cmibvu31m0026gz7mr4a29vht',7,'2025-11-23 15:38:12.207','2025-12-04 11:37:38.116'),('cmibvu3ch00bsgz7m322l26ma','cmibvu3bz00bcgz7mn5t0plzf','cmibvu31v002bgz7m63pip6pq',5,'2025-11-23 15:38:12.209','2025-12-04 11:37:38.113'),('cmibvu3cl00bwgz7mxhq4k02z','cmibvu3ci00bugz7mjkpvc0uo','cmibvu326002igz7mr4efrwm8',3,'2025-11-23 15:38:12.213','2025-12-04 11:37:38.129'),('cmibvu3cn00bygz7mwiz1dsoa','cmibvu3ci00bugz7mjkpvc0uo','cmibvu32c002ngz7mctqwi3la',7,'2025-11-23 15:38:12.216','2025-12-04 11:37:38.139'),('cmibvu3cq00c0gz7m854po3vm','cmibvu3ci00bugz7mjkpvc0uo','cmibvu32i002sgz7md9rvjwav',1,'2025-11-23 15:38:12.218','2025-12-04 11:37:38.123'),('cmibvu3cs00c2gz7mf8e52coq','cmibvu3ci00bugz7mjkpvc0uo','cmibvu32o002xgz7mofmvu4ve',2,'2025-11-23 15:38:12.220','2025-12-04 11:37:38.126'),('cmibvu3cv00c4gz7mp6sqm9ku','cmibvu3ci00bugz7mjkpvc0uo','cmibvu32t0032gz7mwxp64rx3',5,'2025-11-23 15:38:12.223','2025-12-04 11:37:38.134'),('cmibvu3cx00c6gz7mwe61t625','cmibvu3ci00bugz7mjkpvc0uo','cmibvu3300037gz7mbw67y5tj',6,'2025-11-23 15:38:12.225','2025-12-04 11:37:38.136'),('cmibvu3d000c8gz7me7w6djuw','cmibvu3ci00bugz7mjkpvc0uo','cmibvu336003cgz7my419e328',8,'2025-11-23 15:38:12.229','2025-12-04 11:37:38.142'),('cmibvu3d300cagz7m88o2nzvv','cmibvu3ci00bugz7mjkpvc0uo','cmibvu33c003hgz7muyhkqoqv',4,'2025-11-23 15:38:12.232','2025-12-04 11:37:38.131'),('cmibvu3d800cegz7m85qs7goi','cmibvu3d500ccgz7mscqfj9pa','cmibvu33k003ogz7m4woddt3w',3,'2025-11-23 15:38:12.236','2025-12-04 11:37:38.151'),('cmibvu3da00cggz7mlojc4c8d','cmibvu3d500ccgz7mscqfj9pa','cmibvu33q003tgz7muoobynci',2,'2025-11-23 15:38:12.239','2025-12-04 11:37:38.149'),('cmibvu3dd00cigz7m5cwfedmx','cmibvu3d500ccgz7mscqfj9pa','cmibvu33w003ygz7mmtzzuzxp',1,'2025-11-23 15:38:12.241','2025-12-04 11:37:38.147'),('cmibvu3df00ckgz7mtgoj7ndl','cmibvu3d500ccgz7mscqfj9pa','cmibvu3420043gz7mg1whb8zj',4,'2025-11-23 15:38:12.244','2025-12-04 11:37:38.153'),('cmibvu3di00cmgz7m9dyzrp89','cmibvu3d500ccgz7mscqfj9pa','cmibvu3480048gz7mz6l0fub2',8,'2025-11-23 15:38:12.247','2025-12-04 11:37:38.163'),('cmibvu3dl00cogz7mx7hibn2k','cmibvu3d500ccgz7mscqfj9pa','cmibvu34e004dgz7mad7pju7y',6,'2025-11-23 15:38:12.249','2025-12-04 11:37:38.158'),('cmibvu3dn00cqgz7mrdd8cad9','cmibvu3d500ccgz7mscqfj9pa','cmibvu34k004igz7mh4bsqrsz',7,'2025-11-23 15:38:12.252','2025-12-04 11:37:38.160'),('cmibvu3dq00csgz7mw4v75wav','cmibvu3d500ccgz7mscqfj9pa','cmibvu34p004ngz7mmpfo0ykp',9,'2025-11-23 15:38:12.254','2025-12-04 11:37:38.165'),('cmibvu3dt00cugz7mmm6nqbpt','cmibvu3d500ccgz7mscqfj9pa','cmibvu34v004sgz7ms57afh63',5,'2025-11-23 15:38:12.257','2025-12-04 11:37:38.155'),('cmibvu3dy00cygz7mz1jn0lzo','cmibvu3dv00cwgz7ma3qa6yxw','cmibvu353004zgz7mlhf1ybj7',5,'2025-11-23 15:38:12.262','2025-12-04 11:37:38.179'),('cmibvu3e000d0gz7mv4qa7jrk','cmibvu3dv00cwgz7ma3qa6yxw','cmibvu3580054gz7mzgql3jh6',1,'2025-11-23 15:38:12.265','2025-12-04 11:37:38.170'),('cmibvu3e300d2gz7moyxaexhl','cmibvu3dv00cwgz7ma3qa6yxw','cmibvu35e0059gz7mjia8ocyg',3,'2025-11-23 15:38:12.267','2025-12-04 11:37:38.175'),('cmibvu3e600d4gz7m4kfyhmer','cmibvu3dv00cwgz7ma3qa6yxw','cmibvu35k005egz7mjmt18fbk',7,'2025-11-23 15:38:12.270','2025-12-04 11:37:38.184'),('cmibvu3e800d6gz7mo3frm9dq','cmibvu3dv00cwgz7ma3qa6yxw','cmibvu35q005jgz7mi1m4wlcz',9,'2025-11-23 15:38:12.273','2025-12-04 11:37:38.189'),('cmibvu3eb00d8gz7m2srznnr8','cmibvu3dv00cwgz7ma3qa6yxw','cmibvu35x005ogz7m8vxu0zh1',6,'2025-11-23 15:38:12.275','2025-12-04 11:37:38.182'),('cmibvu3ed00dagz7mtwy1qbfk','cmibvu3dv00cwgz7ma3qa6yxw','cmibvu366005tgz7mqrlyc502',2,'2025-11-23 15:38:12.278','2025-12-04 11:37:38.172'),('cmibvu3eh00dcgz7mpi3m71b1','cmibvu3dv00cwgz7ma3qa6yxw','cmibvu36c005ygz7m9j8cs5xr',4,'2025-11-23 15:38:12.281','2025-12-04 11:37:38.177'),('cmibvu3ej00degz7mgxtpywxx','cmibvu3dv00cwgz7ma3qa6yxw','cmibvu36j0063gz7mk1gt2mta',8,'2025-11-23 15:38:12.284','2025-12-04 11:37:38.187'),('cmibvu3eo00digz7mey7onngy','cmibvu3el00dggz7mzfoieahs','cmibvu36q006agz7mrqv6k1hr',9,'2025-11-23 15:38:12.289','2025-12-04 11:37:38.213'),('cmibvu3es00dkgz7mb4wj53z5','cmibvu3el00dggz7mzfoieahs','cmibvu36x006fgz7meleaqrw6',8,'2025-11-23 15:38:12.292','2025-12-04 11:37:38.211'),('cmibvu3eu00dmgz7mscu0rg3y','cmibvu3el00dggz7mzfoieahs','cmibvu372006kgz7m2haaxtz9',1,'2025-11-23 15:38:12.295','2025-12-04 11:37:38.195'),('cmibvu3ey00dogz7mt7cjktpg','cmibvu3el00dggz7mzfoieahs','cmibvu378006pgz7mh104fdxb',2,'2025-11-23 15:38:12.298','2025-12-04 11:37:38.197'),('cmibvu3f000dqgz7m53nf1q3c','cmibvu3el00dggz7mzfoieahs','cmibvu37c006ugz7mrbk10060',6,'2025-11-23 15:38:12.301','2025-12-04 11:37:38.207'),('cmibvu3f400dsgz7m73zkkp1f','cmibvu3el00dggz7mzfoieahs','cmibvu37g006zgz7mmusf1bli',5,'2025-11-23 15:38:12.304','2025-12-04 11:37:38.203'),('cmibvu3f700dugz7m3eien8xn','cmibvu3el00dggz7mzfoieahs','cmibvu37l0074gz7mtpqc8c6l',7,'2025-11-23 15:38:12.307','2025-12-04 11:37:38.209'),('cmibvu3fa00dwgz7mb5nd1gss','cmibvu3el00dggz7mzfoieahs','cmibvu37p0079gz7mmww4qnzg',3,'2025-11-23 15:38:12.310','2025-12-04 11:37:38.199'),('cmibvu3fc00dygz7mc6161uqs','cmibvu3el00dggz7mzfoieahs','cmibvu37u007egz7maeu8b0av',4,'2025-11-23 15:38:12.312','2025-12-04 11:37:38.201'),('cmibvu3fg00e2gz7ml0cvttsx','cmibvu3fd00e0gz7m73uo1h95','cmibvu37z007lgz7mqbjrmb27',2,'2025-11-23 15:38:12.316','2025-12-04 11:37:38.219'),('cmibvu3fi00e4gz7m9rkmud8d','cmibvu3fd00e0gz7m73uo1h95','cmibvu384007qgz7m87dyt54k',8,'2025-11-23 15:38:12.319','2025-12-04 11:37:38.231'),('cmibvu3fl00e6gz7me8quxtjc','cmibvu3fd00e0gz7m73uo1h95','cmibvu388007vgz7mkdo04dte',4,'2025-11-23 15:38:12.322','2025-12-04 11:37:38.223'),('cmibvu3fo00e8gz7mg4alyo53','cmibvu3fd00e0gz7m73uo1h95','cmibvu38c0080gz7micvwqq5e',5,'2025-11-23 15:38:12.324','2025-12-04 11:37:38.225'),('cmibvu3fq00eagz7mzcqvcc8i','cmibvu3fd00e0gz7m73uo1h95','cmibvu38h0085gz7mlx24b36c',3,'2025-11-23 15:38:12.327','2025-12-04 11:37:38.221'),('cmibvu3fu00ecgz7m7m1tzz72','cmibvu3fd00e0gz7m73uo1h95','cmibvu38m008agz7mrd1qtwae',1,'2025-11-23 15:38:12.330','2025-12-04 11:37:38.217'),('cmibvu3fx00eegz7maixdorkl','cmibvu3fd00e0gz7m73uo1h95','cmibvu38q008fgz7m23sl42p8',7,'2025-11-23 15:38:12.333','2025-12-04 11:37:38.229'),('cmibvu3g000eggz7m8ay764up','cmibvu3fd00e0gz7m73uo1h95','cmibvu38u008kgz7mbiu9uqej',6,'2025-11-23 15:38:12.336','2025-12-04 11:37:38.227'),('cmibvu3g400ekgz7m7dnafj2m','cmibvu3g200eigz7m6w8593gl','cmibvu391008rgz7m8ys34zbw',9,'2025-11-23 15:38:12.341','2025-12-04 11:37:38.255'),('cmibvu3g700emgz7m119wxfoa','cmibvu3g200eigz7m6w8593gl','cmibvu395008wgz7m1f14g1ul',7,'2025-11-23 15:38:12.343','2025-12-04 11:37:38.250'),('cmibvu3ga00eogz7m1fttt8l7','cmibvu3g200eigz7m6w8593gl','cmibvu3990091gz7m3xx6g7hu',2,'2025-11-23 15:38:12.346','2025-12-04 11:37:38.239'),('cmibvu3gc00eqgz7mblfzj7rz','cmibvu3g200eigz7m6w8593gl','cmibvu39e0096gz7mzbrsz8gd',15,'2025-11-23 15:38:12.348','2025-12-04 11:37:38.267'),('cmibvu3gf00esgz7m5r70ok49','cmibvu3g200eigz7m6w8593gl','cmibvu39j009bgz7mjemnb1a8',8,'2025-11-23 15:38:12.351','2025-12-04 11:37:38.252'),('cmibvu3gi00eugz7mknftmp6e','cmibvu3g200eigz7m6w8593gl','cmibvu39o009ggz7mx3nwghle',14,'2025-11-23 15:38:12.355','2025-12-04 11:37:38.264'),('cmibvu3gl00ewgz7mk6kbggq6','cmibvu3g200eigz7m6w8593gl','cmibvu39t009lgz7mi4hiw0v9',13,'2025-11-23 15:38:12.357','2025-12-04 11:37:38.262'),('cmibvu3gn00eygz7m2gq721zw','cmibvu3g200eigz7m6w8593gl','cmibvu3a1009qgz7mpbb5ynw4',12,'2025-11-23 15:38:12.360','2025-12-04 11:37:38.260'),('cmibvu3gq00f0gz7m3irux6hz','cmibvu3g200eigz7m6w8593gl','cmibvu3a7009vgz7m0owqsna1',11,'2025-11-23 15:38:12.362','2025-12-04 11:37:38.258'),('cmibvu3gs00f2gz7mk88cyi7u','cmibvu3g200eigz7m6w8593gl','cmibvu3af00a0gz7mkkplr69e',4,'2025-11-23 15:38:12.365','2025-12-04 11:37:38.244'),('cmibvu3gv00f4gz7maklh1qcw','cmibvu3g200eigz7m6w8593gl','cmibvu3aj00a5gz7m8o0g09se',10,'2025-11-23 15:38:12.367','2025-12-04 11:37:38.256'),('cmibvu3gy00f6gz7mw80rjpee','cmibvu3g200eigz7m6w8593gl','cmibvu3ao00aagz7m04w3fnxq',6,'2025-11-23 15:38:12.370','2025-12-04 11:37:38.248'),('cmibvu3h000f8gz7msslx7iat','cmibvu3g200eigz7m6w8593gl','cmibvu3at00afgz7mjoabttef',1,'2025-11-23 15:38:12.373','2025-12-04 11:37:38.236'),('cmibvu3h300fagz7ma80swa71','cmibvu3g200eigz7m6w8593gl','cmibvu3ay00akgz7mogqs968t',5,'2025-11-23 15:38:12.375','2025-12-04 11:37:38.246'),('cmibvu3h500fcgz7m4lhx7yco','cmibvu3g200eigz7m6w8593gl','cmibvu3b200apgz7mlgnfpqa1',3,'2025-11-23 15:38:12.378','2025-12-04 11:37:38.242'),('cmibvu3ij00gtgz7m54wd12k5','cmibvu3ih00grgz7moe3dtlkd','cmibvu2xx0006gz7mv9zrcymp',8,'2025-11-23 15:38:12.428','2025-12-04 11:28:20.395'),('cmibvu3im00gvgz7m5v8eu9f4','cmibvu3ih00grgz7moe3dtlkd','cmibvu2y5000bgz7mti9dvc58',2,'2025-11-23 15:38:12.430','2025-12-04 11:28:20.377'),('cmibvu3io00gxgz7mbo90ixxj','cmibvu3ih00grgz7moe3dtlkd','cmibvu2yd000ggz7m9i7nfsfm',4,'2025-11-23 15:38:12.433','2025-12-04 11:28:20.384'),('cmibvu3is00gzgz7m5orykwzd','cmibvu3ih00grgz7moe3dtlkd','cmibvu2yk000lgz7mzpume44l',5,'2025-11-23 15:38:12.437','2025-12-04 11:28:20.387'),('cmibvu3iv00h1gz7mm0xniv3k','cmibvu3ih00grgz7moe3dtlkd','cmibvu2ys000qgz7mf2syi88f',1,'2025-11-23 15:38:12.440','2025-12-04 11:28:20.373'),('cmibvu3iy00h3gz7mgaaxfctf','cmibvu3ih00grgz7moe3dtlkd','cmibvu2z3000vgz7mswkprtg3',6,'2025-11-23 15:38:12.443','2025-12-04 11:28:20.390'),('cmibvu3j100h5gz7mytleb4yv','cmibvu3ih00grgz7moe3dtlkd','cmibvu2zd0010gz7mq8zwk3g0',7,'2025-11-23 15:38:12.445','2025-12-04 11:28:20.392'),('cmibvu3j300h7gz7mlze4vsjj','cmibvu3ih00grgz7moe3dtlkd','cmibvu2zm0015gz7mjfdwearb',3,'2025-11-23 15:38:12.448','2025-12-04 11:28:20.381'),('cmibvu3j800hbgz7mktcki7x8','cmibvu3j500h9gz7mgn2ffyek','cmibvu303001cgz7m6oel93va',4,'2025-11-23 15:38:12.452','2025-12-04 11:28:20.414'),('cmibvu3ja00hdgz7mkkcy1td1','cmibvu3j500h9gz7mgn2ffyek','cmibvu30e001hgz7mna4s4zw7',2,'2025-11-23 15:38:12.454','2025-12-04 11:28:20.408'),('cmibvu3jc00hfgz7m3smmsy6q','cmibvu3j500h9gz7mgn2ffyek','cmibvu30p001mgz7m1dzrd143',5,'2025-11-23 15:38:12.457','2025-12-04 11:28:20.417'),('cmibvu3jf00hhgz7mncbu9x36','cmibvu3j500h9gz7mgn2ffyek','cmibvu30x001rgz7m76raqbrk',8,'2025-11-23 15:38:12.459','2025-12-04 11:28:20.424'),('cmibvu3jh00hjgz7mmdg9w3l4','cmibvu3j500h9gz7mgn2ffyek','cmibvu314001wgz7m6uqewand',1,'2025-11-23 15:38:12.462','2025-12-04 11:28:20.404'),('cmibvu3jk00hlgz7mtaqsr4c0','cmibvu3j500h9gz7mgn2ffyek','cmibvu31d0021gz7m7vtftzi4',6,'2025-11-23 15:38:12.464','2025-12-04 11:28:20.419'),('cmibvu3jn00hngz7m1kj0jh9r','cmibvu3j500h9gz7mgn2ffyek','cmibvu31m0026gz7mr4a29vht',7,'2025-11-23 15:38:12.468','2025-12-04 11:28:20.422'),('cmibvu3jq00hpgz7ms4x47mrh','cmibvu3j500h9gz7mgn2ffyek','cmibvu31v002bgz7m63pip6pq',3,'2025-11-23 15:38:12.471','2025-12-04 11:28:20.410'),('cmibvu3ju00htgz7m2dvxsiri','cmibvu3js00hrgz7m117tr1c9','cmibvu326002igz7mr4efrwm8',2,'2025-11-23 15:38:12.475','2025-12-04 11:28:20.431'),('cmibvu3jx00hvgz7mgeqs42ku','cmibvu3js00hrgz7m117tr1c9','cmibvu32c002ngz7mctqwi3la',5,'2025-11-23 15:38:12.477','2025-12-04 11:28:20.437'),('cmibvu3jz00hxgz7mdjrz7pjs','cmibvu3js00hrgz7m117tr1c9','cmibvu32i002sgz7md9rvjwav',4,'2025-11-23 15:38:12.479','2025-12-04 11:28:20.435'),('cmibvu3k100hzgz7mmzpis4k0','cmibvu3js00hrgz7m117tr1c9','cmibvu32o002xgz7mofmvu4ve',7,'2025-11-23 15:38:12.482','2025-12-04 11:28:20.441'),('cmibvu3k500i1gz7mofcy6zgc','cmibvu3js00hrgz7m117tr1c9','cmibvu32t0032gz7mwxp64rx3',8,'2025-11-23 15:38:12.485','2025-12-04 11:28:20.443'),('cmibvu3k900i3gz7mr4fkuy4b','cmibvu3js00hrgz7m117tr1c9','cmibvu3300037gz7mbw67y5tj',1,'2025-11-23 15:38:12.490','2025-12-04 11:28:20.429'),('cmibvu3ke00i5gz7maxrog21m','cmibvu3js00hrgz7m117tr1c9','cmibvu336003cgz7my419e328',3,'2025-11-23 15:38:12.494','2025-12-04 11:28:20.433'),('cmibvu3kh00i7gz7mq2tqib0y','cmibvu3js00hrgz7m117tr1c9','cmibvu33c003hgz7muyhkqoqv',6,'2025-11-23 15:38:12.497','2025-12-04 11:28:20.439'),('cmibvu3kl00ibgz7msgfdjzm0','cmibvu3ki00i9gz7mh1yyyhgu','cmibvu33k003ogz7m4woddt3w',1,'2025-11-23 15:38:12.501','2025-12-04 11:28:20.449'),('cmibvu3ko00idgz7mchmvsst7','cmibvu3ki00i9gz7mh1yyyhgu','cmibvu33q003tgz7muoobynci',6,'2025-11-23 15:38:12.504','2025-12-04 11:28:20.461'),('cmibvu3kq00ifgz7mbd3siq42','cmibvu3ki00i9gz7mh1yyyhgu','cmibvu33w003ygz7mmtzzuzxp',4,'2025-11-23 15:38:12.506','2025-12-04 11:28:20.457'),('cmibvu3kt00ihgz7mgbbq7qoi','cmibvu3ki00i9gz7mh1yyyhgu','cmibvu3420043gz7mg1whb8zj',5,'2025-11-23 15:38:12.509','2025-12-04 11:28:20.459'),('cmibvu3kv00ijgz7mbl74i1qp','cmibvu3ki00i9gz7mh1yyyhgu','cmibvu3480048gz7mz6l0fub2',3,'2025-11-23 15:38:12.512','2025-12-04 11:28:20.455'),('cmibvu3ky00ilgz7moxv4glr5','cmibvu3ki00i9gz7mh1yyyhgu','cmibvu34e004dgz7mad7pju7y',2,'2025-11-23 15:38:12.514','2025-12-04 11:28:20.451'),('cmibvu3l100ingz7msuj2n6rv','cmibvu3ki00i9gz7mh1yyyhgu','cmibvu34k004igz7mh4bsqrsz',9,'2025-11-23 15:38:12.518','2025-12-04 11:28:20.466'),('cmibvu3l400ipgz7m1z1vbst6','cmibvu3ki00i9gz7mh1yyyhgu','cmibvu34p004ngz7mmpfo0ykp',8,'2025-11-23 15:38:12.521','2025-12-04 11:28:20.464'),('cmibvu3l700irgz7ml0jywxkk','cmibvu3ki00i9gz7mh1yyyhgu','cmibvu34v004sgz7ms57afh63',7,'2025-11-23 15:38:12.523','2025-12-04 11:28:20.462'),('cmibvu3lb00ivgz7myqzgn79q','cmibvu3l900itgz7mappo5yd4','cmibvu353004zgz7mlhf1ybj7',1,'2025-11-23 15:38:12.527','2025-12-04 11:28:20.473'),('cmibvu3le00ixgz7m2ipx5lkd','cmibvu3l900itgz7mappo5yd4','cmibvu3580054gz7mzgql3jh6',6,'2025-11-23 15:38:12.531','2025-12-04 11:28:20.482'),('cmibvu3lj00izgz7mmu9muhdo','cmibvu3l900itgz7mappo5yd4','cmibvu35e0059gz7mjia8ocyg',7,'2025-11-23 15:38:12.535','2025-12-04 11:28:20.484'),('cmibvu3ln00j1gz7m9gtbbbow','cmibvu3l900itgz7mappo5yd4','cmibvu35k005egz7mjmt18fbk',2,'2025-11-23 15:38:12.539','2025-12-04 11:28:20.475'),('cmibvu3lq00j3gz7mgm58awqf','cmibvu3l900itgz7mappo5yd4','cmibvu35q005jgz7mi1m4wlcz',5,'2025-11-23 15:38:12.543','2025-12-04 11:28:20.481'),('cmibvu3lt00j5gz7mwppe05oy','cmibvu3l900itgz7mappo5yd4','cmibvu35x005ogz7m8vxu0zh1',8,'2025-11-23 15:38:12.546','2025-12-04 11:28:20.487'),('cmibvu3lw00j7gz7mb65jzw9o','cmibvu3l900itgz7mappo5yd4','cmibvu366005tgz7mqrlyc502',4,'2025-11-23 15:38:12.549','2025-12-04 11:28:20.479'),('cmibvu3m000j9gz7mji2ssemc','cmibvu3l900itgz7mappo5yd4','cmibvu36c005ygz7m9j8cs5xr',3,'2025-11-23 15:38:12.552','2025-12-04 11:28:20.477'),('cmibvu3m300jbgz7mu6s2179y','cmibvu3l900itgz7mappo5yd4','cmibvu36j0063gz7mk1gt2mta',9,'2025-11-23 15:38:12.555','2025-12-04 11:28:20.490'),('cmibvu3mh00jfgz7mx9xwl3zs','cmibvu3ma00jdgz7m1ec077vo','cmibvu36q006agz7mrqv6k1hr',9,'2025-11-23 15:38:12.570','2025-12-04 11:28:20.538'),('cmibvu3ml00jhgz7m4mh35anp','cmibvu3ma00jdgz7m1ec077vo','cmibvu36x006fgz7meleaqrw6',3,'2025-11-23 15:38:12.574','2025-12-04 11:28:20.501'),('cmibvu3mo00jjgz7mmwvp1l0o','cmibvu3ma00jdgz7m1ec077vo','cmibvu372006kgz7m2haaxtz9',8,'2025-11-23 15:38:12.576','2025-12-04 11:28:20.535'),('cmibvu3mq00jlgz7mca0oshfz','cmibvu3ma00jdgz7m1ec077vo','cmibvu378006pgz7mh104fdxb',7,'2025-11-23 15:38:12.579','2025-12-04 11:28:20.533'),('cmibvu3ms00jngz7mgf20816g','cmibvu3ma00jdgz7m1ec077vo','cmibvu37c006ugz7mrbk10060',1,'2025-11-23 15:38:12.581','2025-12-04 11:28:20.496'),('cmibvu3mv00jpgz7m5qrxlezj','cmibvu3ma00jdgz7m1ec077vo','cmibvu37g006zgz7mmusf1bli',5,'2025-11-23 15:38:12.584','2025-12-04 11:28:20.527'),('cmibvu3my00jrgz7mp8huyp9u','cmibvu3ma00jdgz7m1ec077vo','cmibvu37l0074gz7mtpqc8c6l',6,'2025-11-23 15:38:12.586','2025-12-04 11:28:20.530'),('cmibvu3n000jtgz7m4gavl7q5','cmibvu3ma00jdgz7m1ec077vo','cmibvu37p0079gz7mmww4qnzg',4,'2025-11-23 15:38:12.589','2025-12-04 11:28:20.525'),('cmibvu3n200jvgz7mfoa5j7xg','cmibvu3ma00jdgz7m1ec077vo','cmibvu37u007egz7maeu8b0av',2,'2025-11-23 15:38:12.591','2025-12-04 11:28:20.499'),('cmibvu3n600jzgz7m0xa2wc2h','cmibvu3n400jxgz7mu36yb1vg','cmibvu37z007lgz7mqbjrmb27',5,'2025-11-23 15:38:12.595','2025-12-04 11:28:20.550'),('cmibvu3n900k1gz7m9fh9ypv2','cmibvu3n400jxgz7mu36yb1vg','cmibvu384007qgz7m87dyt54k',4,'2025-11-23 15:38:12.597','2025-12-04 11:28:20.548'),('cmibvu3nb00k3gz7mxp06o3qe','cmibvu3n400jxgz7mu36yb1vg','cmibvu388007vgz7mkdo04dte',8,'2025-11-23 15:38:12.599','2025-12-04 11:28:20.557'),('cmibvu3nd00k5gz7mkhfjb33v','cmibvu3n400jxgz7mu36yb1vg','cmibvu38c0080gz7micvwqq5e',3,'2025-11-23 15:38:12.602','2025-12-04 11:28:20.546'),('cmibvu3ng00k7gz7mltry41h8','cmibvu3n400jxgz7mu36yb1vg','cmibvu38h0085gz7mlx24b36c',6,'2025-11-23 15:38:12.604','2025-12-04 11:28:20.552'),('cmibvu3ni00k9gz7m60hlvf7h','cmibvu3n400jxgz7mu36yb1vg','cmibvu38m008agz7mrd1qtwae',1,'2025-11-23 15:38:12.607','2025-12-04 11:28:20.542'),('cmibvu3nl00kbgz7mzwk73zwl','cmibvu3n400jxgz7mu36yb1vg','cmibvu38q008fgz7m23sl42p8',7,'2025-11-23 15:38:12.610','2025-12-04 11:28:20.555'),('cmibvu3no00kdgz7my2l8tzu1','cmibvu3n400jxgz7mu36yb1vg','cmibvu38u008kgz7mbiu9uqej',2,'2025-11-23 15:38:12.612','2025-12-04 11:28:20.544'),('cmibvu3nt00khgz7meim4kqyr','cmibvu3nq00kfgz7m5h1bobj8','cmibvu391008rgz7m8ys34zbw',15,'2025-11-23 15:38:12.617','2025-12-04 11:28:20.633'),('cmibvu3nw00kjgz7mzfxa753e','cmibvu3nq00kfgz7m5h1bobj8','cmibvu395008wgz7m1f14g1ul',11,'2025-11-23 15:38:12.621','2025-12-04 11:28:20.613'),('cmibvu3o000klgz7me5ot88ps','cmibvu3nq00kfgz7m5h1bobj8','cmibvu3990091gz7m3xx6g7hu',10,'2025-11-23 15:38:12.624','2025-12-04 11:28:20.607'),('cmibvu3o300kngz7mtc4hz68k','cmibvu3nq00kfgz7m5h1bobj8','cmibvu39e0096gz7mzbrsz8gd',2,'2025-11-23 15:38:12.627','2025-12-04 11:28:20.565'),('cmibvu3o500kpgz7mc82n0ule','cmibvu3nq00kfgz7m5h1bobj8','cmibvu39j009bgz7mjemnb1a8',7,'2025-11-23 15:38:12.630','2025-12-04 11:28:20.588'),('cmibvu3o800krgz7mb2o9s5o4','cmibvu3nq00kfgz7m5h1bobj8','cmibvu39o009ggz7mx3nwghle',4,'2025-11-23 15:38:12.633','2025-12-04 11:28:20.571'),('cmibvu3ob00ktgz7mnfiyb5rb','cmibvu3nq00kfgz7m5h1bobj8','cmibvu39t009lgz7mi4hiw0v9',13,'2025-11-23 15:38:12.636','2025-12-04 11:28:20.622'),('cmibvu3oe00kvgz7m793t8qw9','cmibvu3nq00kfgz7m5h1bobj8','cmibvu3a1009qgz7mpbb5ynw4',9,'2025-11-23 15:38:12.638','2025-12-04 11:28:20.598'),('cmibvu3og00kxgz7mnz0zcltk','cmibvu3nq00kfgz7m5h1bobj8','cmibvu3a7009vgz7m0owqsna1',8,'2025-11-23 15:38:12.641','2025-12-04 11:28:20.593'),('cmibvu3oi00kzgz7mptdffbuk','cmibvu3nq00kfgz7m5h1bobj8','cmibvu3af00a0gz7mkkplr69e',1,'2025-11-23 15:38:12.643','2025-12-04 11:28:20.563'),('cmibvu3ol00l1gz7m6kj308tq','cmibvu3nq00kfgz7m5h1bobj8','cmibvu3aj00a5gz7m8o0g09se',3,'2025-11-23 15:38:12.646','2025-12-04 11:28:20.568'),('cmibvu3oo00l3gz7md0gsnr8u','cmibvu3nq00kfgz7m5h1bobj8','cmibvu3ao00aagz7m04w3fnxq',6,'2025-11-23 15:38:12.648','2025-12-04 11:28:20.581'),('cmibvu3oq00l5gz7mtdsq37u4','cmibvu3nq00kfgz7m5h1bobj8','cmibvu3at00afgz7mjoabttef',5,'2025-11-23 15:38:12.651','2025-12-04 11:28:20.575'),('cmibvu3ot00l7gz7mp7k9nuz2','cmibvu3nq00kfgz7m5h1bobj8','cmibvu3ay00akgz7mogqs968t',12,'2025-11-23 15:38:12.653','2025-12-04 11:28:20.617'),('cmibvu3ow00l9gz7mvzi4epr9','cmibvu3nq00kfgz7m5h1bobj8','cmibvu3b200apgz7mlgnfpqa1',14,'2025-11-23 15:38:12.656','2025-12-04 11:28:20.628'),('cmibvu3q900mqgz7mydogze2a','cmibvu3q700mogz7m5uvh33c3','cmibvu2xx0006gz7mv9zrcymp',0,'2025-11-23 15:38:12.706','2025-11-23 15:38:12.706'),('cmibvu3qc00msgz7mtg8lag4g','cmibvu3q700mogz7m5uvh33c3','cmibvu2y5000bgz7mti9dvc58',0,'2025-11-23 15:38:12.708','2025-11-23 15:38:12.708'),('cmibvu3qe00mugz7mogrnj9r1','cmibvu3q700mogz7m5uvh33c3','cmibvu2yd000ggz7m9i7nfsfm',0,'2025-11-23 15:38:12.710','2025-11-23 15:38:12.710'),('cmibvu3qg00mwgz7m1rxbs6y6','cmibvu3q700mogz7m5uvh33c3','cmibvu2yk000lgz7mzpume44l',0,'2025-11-23 15:38:12.713','2025-11-23 15:38:12.713'),('cmibvu3qj00mygz7mupegem51','cmibvu3q700mogz7m5uvh33c3','cmibvu2ys000qgz7mf2syi88f',0,'2025-11-23 15:38:12.715','2025-11-23 15:38:12.715'),('cmibvu3ql00n0gz7mgu5c2ryi','cmibvu3q700mogz7m5uvh33c3','cmibvu2z3000vgz7mswkprtg3',0,'2025-11-23 15:38:12.718','2025-11-23 15:38:12.718'),('cmibvu3qo00n2gz7mxiu2d0c3','cmibvu3q700mogz7m5uvh33c3','cmibvu2zd0010gz7mq8zwk3g0',0,'2025-11-23 15:38:12.720','2025-11-23 15:38:12.720'),('cmibvu3qr00n4gz7mvsd9vlkd','cmibvu3q700mogz7m5uvh33c3','cmibvu2zm0015gz7mjfdwearb',0,'2025-11-23 15:38:12.723','2025-11-23 15:38:12.723'),('cmibvu3qv00n8gz7mtez4um1k','cmibvu3qs00n6gz7mo5iqu7ap','cmibvu303001cgz7m6oel93va',0,'2025-11-23 15:38:12.727','2025-11-23 15:38:12.727'),('cmibvu3qx00nagz7mixn2awi9','cmibvu3qs00n6gz7mo5iqu7ap','cmibvu30e001hgz7mna4s4zw7',0,'2025-11-23 15:38:12.730','2025-11-23 15:38:12.730'),('cmibvu3qz00ncgz7mle4gpqla','cmibvu3qs00n6gz7mo5iqu7ap','cmibvu30p001mgz7m1dzrd143',0,'2025-11-23 15:38:12.732','2025-11-23 15:38:12.732'),('cmibvu3r300negz7mkpfx6mac','cmibvu3qs00n6gz7mo5iqu7ap','cmibvu30x001rgz7m76raqbrk',0,'2025-11-23 15:38:12.735','2025-11-23 15:38:12.735'),('cmibvu3r500nggz7ma7tr0kvi','cmibvu3qs00n6gz7mo5iqu7ap','cmibvu314001wgz7m6uqewand',0,'2025-11-23 15:38:12.738','2025-11-23 15:38:12.738'),('cmibvu3r800nigz7m32qcmlkd','cmibvu3qs00n6gz7mo5iqu7ap','cmibvu31d0021gz7m7vtftzi4',0,'2025-11-23 15:38:12.741','2025-11-23 15:38:12.741'),('cmibvu3rb00nkgz7mrw8pzxye','cmibvu3qs00n6gz7mo5iqu7ap','cmibvu31m0026gz7mr4a29vht',0,'2025-11-23 15:38:12.744','2025-11-23 15:38:12.744'),('cmibvu3rd00nmgz7mp79gk96r','cmibvu3qs00n6gz7mo5iqu7ap','cmibvu31v002bgz7m63pip6pq',0,'2025-11-23 15:38:12.746','2025-11-23 15:38:12.746'),('cmibvu3rh00nqgz7mmfwschp5','cmibvu3rf00nogz7mg6lgno6d','cmibvu326002igz7mr4efrwm8',0,'2025-11-23 15:38:12.750','2025-11-23 15:38:12.750'),('cmibvu3rk00nsgz7m6yl1ucqn','cmibvu3rf00nogz7mg6lgno6d','cmibvu32c002ngz7mctqwi3la',0,'2025-11-23 15:38:12.753','2025-11-23 15:38:12.753'),('cmibvu3rn00nugz7m1e97oplp','cmibvu3rf00nogz7mg6lgno6d','cmibvu32i002sgz7md9rvjwav',0,'2025-11-23 15:38:12.755','2025-11-23 15:38:12.755'),('cmibvu3rp00nwgz7mat549bt0','cmibvu3rf00nogz7mg6lgno6d','cmibvu32o002xgz7mofmvu4ve',0,'2025-11-23 15:38:12.758','2025-11-23 15:38:12.758'),('cmibvu3rr00nygz7mcx9k774w','cmibvu3rf00nogz7mg6lgno6d','cmibvu32t0032gz7mwxp64rx3',0,'2025-11-23 15:38:12.760','2025-11-23 15:38:12.760'),('cmibvu3ru00o0gz7m9p5d7us5','cmibvu3rf00nogz7mg6lgno6d','cmibvu3300037gz7mbw67y5tj',0,'2025-11-23 15:38:12.762','2025-11-23 15:38:12.762'),('cmibvu3rw00o2gz7mejs02z03','cmibvu3rf00nogz7mg6lgno6d','cmibvu336003cgz7my419e328',0,'2025-11-23 15:38:12.764','2025-11-23 15:38:12.764'),('cmibvu3ry00o4gz7mhlpbb14r','cmibvu3rf00nogz7mg6lgno6d','cmibvu33c003hgz7muyhkqoqv',0,'2025-11-23 15:38:12.766','2025-11-23 15:38:12.766'),('cmibvu3s200o8gz7maxifovg2','cmibvu3rz00o6gz7mgxstp877','cmibvu33k003ogz7m4woddt3w',0,'2025-11-23 15:38:12.770','2025-11-23 15:38:12.770'),('cmibvu3s400oagz7mfwyb8trj','cmibvu3rz00o6gz7mgxstp877','cmibvu33q003tgz7muoobynci',0,'2025-11-23 15:38:12.772','2025-11-23 15:38:12.772'),('cmibvu3s700ocgz7m1pp3p0ur','cmibvu3rz00o6gz7mgxstp877','cmibvu33w003ygz7mmtzzuzxp',0,'2025-11-23 15:38:12.775','2025-11-23 15:38:12.775'),('cmibvu3s900oegz7mpa5bqimo','cmibvu3rz00o6gz7mgxstp877','cmibvu3420043gz7mg1whb8zj',0,'2025-11-23 15:38:12.778','2025-11-23 15:38:12.778'),('cmibvu3sb00oggz7myoaxfmy5','cmibvu3rz00o6gz7mgxstp877','cmibvu3480048gz7mz6l0fub2',0,'2025-11-23 15:38:12.780','2025-11-23 15:38:12.780'),('cmibvu3sd00oigz7mb0jf6nn3','cmibvu3rz00o6gz7mgxstp877','cmibvu34e004dgz7mad7pju7y',0,'2025-11-23 15:38:12.782','2025-11-23 15:38:12.782'),('cmibvu3sg00okgz7mcmr7fk8d','cmibvu3rz00o6gz7mgxstp877','cmibvu34k004igz7mh4bsqrsz',0,'2025-11-23 15:38:12.784','2025-11-23 15:38:12.784'),('cmibvu3sj00omgz7me5lmq8m7','cmibvu3rz00o6gz7mgxstp877','cmibvu34p004ngz7mmpfo0ykp',0,'2025-11-23 15:38:12.787','2025-11-23 15:38:12.787'),('cmibvu3sm00oogz7m3qboujq8','cmibvu3rz00o6gz7mgxstp877','cmibvu34v004sgz7ms57afh63',0,'2025-11-23 15:38:12.790','2025-11-23 15:38:12.790'),('cmibvu3sq00osgz7mvpw1y6rf','cmibvu3sn00oqgz7mwrfqnbyu','cmibvu353004zgz7mlhf1ybj7',0,'2025-11-23 15:38:12.794','2025-11-23 15:38:12.794'),('cmibvu3ss00ougz7mui9snd0f','cmibvu3sn00oqgz7mwrfqnbyu','cmibvu3580054gz7mzgql3jh6',0,'2025-11-23 15:38:12.797','2025-11-23 15:38:12.797'),('cmibvu3su00owgz7m7zllvw7q','cmibvu3sn00oqgz7mwrfqnbyu','cmibvu35e0059gz7mjia8ocyg',0,'2025-11-23 15:38:12.799','2025-11-23 15:38:12.799'),('cmibvu3sx00oygz7mqxlp1kgx','cmibvu3sn00oqgz7mwrfqnbyu','cmibvu35k005egz7mjmt18fbk',0,'2025-11-23 15:38:12.802','2025-11-23 15:38:12.802'),('cmibvu3t000p0gz7m264voa7e','cmibvu3sn00oqgz7mwrfqnbyu','cmibvu35q005jgz7mi1m4wlcz',0,'2025-11-23 15:38:12.804','2025-11-23 15:38:12.804'),('cmibvu3t200p2gz7m9gswihd3','cmibvu3sn00oqgz7mwrfqnbyu','cmibvu35x005ogz7m8vxu0zh1',0,'2025-11-23 15:38:12.806','2025-11-23 15:38:12.806'),('cmibvu3t400p4gz7mg10eodc5','cmibvu3sn00oqgz7mwrfqnbyu','cmibvu366005tgz7mqrlyc502',0,'2025-11-23 15:38:12.809','2025-11-23 15:38:12.809'),('cmibvu3t600p6gz7m8zmbp4if','cmibvu3sn00oqgz7mwrfqnbyu','cmibvu36c005ygz7m9j8cs5xr',0,'2025-11-23 15:38:12.811','2025-11-23 15:38:12.811'),('cmibvu3t900p8gz7my9909xjp','cmibvu3sn00oqgz7mwrfqnbyu','cmibvu36j0063gz7mk1gt2mta',0,'2025-11-23 15:38:12.813','2025-11-23 15:38:12.813'),('cmibvu3td00pcgz7mm55wjehd','cmibvu3ta00pagz7m2qnwec1c','cmibvu36q006agz7mrqv6k1hr',0,'2025-11-23 15:38:12.817','2025-11-23 15:38:12.817'),('cmibvu3tg00pegz7mrzgprzqd','cmibvu3ta00pagz7m2qnwec1c','cmibvu36x006fgz7meleaqrw6',0,'2025-11-23 15:38:12.821','2025-11-23 15:38:12.821'),('cmibvu3tj00pggz7m2apxdgmn','cmibvu3ta00pagz7m2qnwec1c','cmibvu372006kgz7m2haaxtz9',0,'2025-11-23 15:38:12.824','2025-11-23 15:38:12.824'),('cmibvu3tm00pigz7my5qj94e1','cmibvu3ta00pagz7m2qnwec1c','cmibvu378006pgz7mh104fdxb',0,'2025-11-23 15:38:12.826','2025-11-23 15:38:12.826'),('cmibvu3to00pkgz7mmlyyxl4u','cmibvu3ta00pagz7m2qnwec1c','cmibvu37c006ugz7mrbk10060',0,'2025-11-23 15:38:12.828','2025-11-23 15:38:12.828'),('cmibvu3tq00pmgz7mvgw7ptzm','cmibvu3ta00pagz7m2qnwec1c','cmibvu37g006zgz7mmusf1bli',0,'2025-11-23 15:38:12.831','2025-11-23 15:38:12.831'),('cmibvu3tt00pogz7mt7899mjm','cmibvu3ta00pagz7m2qnwec1c','cmibvu37l0074gz7mtpqc8c6l',0,'2025-11-23 15:38:12.833','2025-11-23 15:38:12.833'),('cmibvu3tw00pqgz7mxsco8oxf','cmibvu3ta00pagz7m2qnwec1c','cmibvu37p0079gz7mmww4qnzg',0,'2025-11-23 15:38:12.836','2025-11-23 15:38:12.836'),('cmibvu3tz00psgz7mkyrv0kkm','cmibvu3ta00pagz7m2qnwec1c','cmibvu37u007egz7maeu8b0av',0,'2025-11-23 15:38:12.839','2025-11-23 15:38:12.839'),('cmibvu3u300pwgz7m1hdxtq7x','cmibvu3u000pugz7mqgmz9c5s','cmibvu37z007lgz7mqbjrmb27',0,'2025-11-23 15:38:12.843','2025-11-23 15:38:12.843'),('cmibvu3u500pygz7muvco6f1y','cmibvu3u000pugz7mqgmz9c5s','cmibvu384007qgz7m87dyt54k',0,'2025-11-23 15:38:12.845','2025-11-23 15:38:12.845'),('cmibvu3u800q0gz7m5pzp54s2','cmibvu3u000pugz7mqgmz9c5s','cmibvu388007vgz7mkdo04dte',0,'2025-11-23 15:38:12.848','2025-11-23 15:38:12.848'),('cmibvu3ub00q2gz7m2k9a9hq1','cmibvu3u000pugz7mqgmz9c5s','cmibvu38c0080gz7micvwqq5e',0,'2025-11-23 15:38:12.851','2025-11-23 15:38:12.851'),('cmibvu3ud00q4gz7mh26r9kyw','cmibvu3u000pugz7mqgmz9c5s','cmibvu38h0085gz7mlx24b36c',0,'2025-11-23 15:38:12.854','2025-11-23 15:38:12.854'),('cmibvu3ug00q6gz7mdqr4rcnx','cmibvu3u000pugz7mqgmz9c5s','cmibvu38m008agz7mrd1qtwae',0,'2025-11-23 15:38:12.856','2025-11-23 15:38:12.856'),('cmibvu3ui00q8gz7m02jw36by','cmibvu3u000pugz7mqgmz9c5s','cmibvu38q008fgz7m23sl42p8',0,'2025-11-23 15:38:12.859','2025-11-23 15:38:12.859'),('cmibvu3uk00qagz7mmz613lt4','cmibvu3u000pugz7mqgmz9c5s','cmibvu38u008kgz7mbiu9uqej',0,'2025-11-23 15:38:12.861','2025-11-23 15:38:12.861'),('cmibvu3uo00qegz7m6em389kk','cmibvu3um00qcgz7mgizzzt6p','cmibvu391008rgz7m8ys34zbw',0,'2025-11-23 15:38:12.864','2025-11-23 15:38:12.864'),('cmibvu3ur00qggz7m54y3n8cy','cmibvu3um00qcgz7mgizzzt6p','cmibvu395008wgz7m1f14g1ul',0,'2025-11-23 15:38:12.867','2025-11-23 15:38:12.867'),('cmibvu3uu00qigz7myjgf0ee0','cmibvu3um00qcgz7mgizzzt6p','cmibvu3990091gz7m3xx6g7hu',0,'2025-11-23 15:38:12.870','2025-11-23 15:38:12.870'),('cmibvu3ux00qkgz7maruvg58i','cmibvu3um00qcgz7mgizzzt6p','cmibvu39e0096gz7mzbrsz8gd',0,'2025-11-23 15:38:12.874','2025-11-23 15:38:12.874'),('cmibvu3v000qmgz7m1iqauefh','cmibvu3um00qcgz7mgizzzt6p','cmibvu39j009bgz7mjemnb1a8',0,'2025-11-23 15:38:12.876','2025-11-23 15:38:12.876'),('cmibvu3v300qogz7ma6oj0amr','cmibvu3um00qcgz7mgizzzt6p','cmibvu39o009ggz7mx3nwghle',0,'2025-11-23 15:38:12.879','2025-11-23 15:38:12.879'),('cmibvu3v600qqgz7m3aha7y1e','cmibvu3um00qcgz7mgizzzt6p','cmibvu39t009lgz7mi4hiw0v9',0,'2025-11-23 15:38:12.882','2025-11-23 15:38:12.882'),('cmibvu3v800qsgz7mer2q805d','cmibvu3um00qcgz7mgizzzt6p','cmibvu3a1009qgz7mpbb5ynw4',0,'2025-11-23 15:38:12.885','2025-11-23 15:38:12.885'),('cmibvu3vb00qugz7mzcu86iio','cmibvu3um00qcgz7mgizzzt6p','cmibvu3a7009vgz7m0owqsna1',0,'2025-11-23 15:38:12.887','2025-11-23 15:38:12.887'),('cmibvu3vd00qwgz7mpggi2tfc','cmibvu3um00qcgz7mgizzzt6p','cmibvu3af00a0gz7mkkplr69e',0,'2025-11-23 15:38:12.890','2025-11-23 15:38:12.890'),('cmibvu3vf00qygz7m7pfix5tt','cmibvu3um00qcgz7mgizzzt6p','cmibvu3aj00a5gz7m8o0g09se',0,'2025-11-23 15:38:12.892','2025-11-23 15:38:12.892'),('cmibvu3vi00r0gz7mskye19t0','cmibvu3um00qcgz7mgizzzt6p','cmibvu3ao00aagz7m04w3fnxq',0,'2025-11-23 15:38:12.894','2025-11-23 15:38:12.894'),('cmibvu3vk00r2gz7mwvakrlda','cmibvu3um00qcgz7mgizzzt6p','cmibvu3at00afgz7mjoabttef',0,'2025-11-23 15:38:12.896','2025-11-23 15:38:12.896'),('cmibvu3vn00r4gz7mgt5iq8fg','cmibvu3um00qcgz7mgizzzt6p','cmibvu3ay00akgz7mogqs968t',0,'2025-11-23 15:38:12.899','2025-11-23 15:38:12.899'),('cmibvu3vp00r6gz7mvqrgvv2v','cmibvu3um00qcgz7mgizzzt6p','cmibvu3b200apgz7mlgnfpqa1',0,'2025-11-23 15:38:12.902','2025-11-23 15:38:12.902'),('cmibvu3wy00sngz7m1yjnyt3l','cmibvu3wv00slgz7mmjdvgpis','cmibvu2xx0006gz7mv9zrcymp',0,'2025-11-23 15:38:12.946','2025-11-23 15:38:12.946'),('cmibvu3x000spgz7m6nwvo4lr','cmibvu3wv00slgz7mmjdvgpis','cmibvu2y5000bgz7mti9dvc58',0,'2025-11-23 15:38:12.949','2025-11-23 15:38:12.949'),('cmibvu3x300srgz7mngj3lz3y','cmibvu3wv00slgz7mmjdvgpis','cmibvu2yd000ggz7m9i7nfsfm',0,'2025-11-23 15:38:12.951','2025-11-23 15:38:12.951'),('cmibvu3x500stgz7mspv4ay3m','cmibvu3wv00slgz7mmjdvgpis','cmibvu2yk000lgz7mzpume44l',0,'2025-11-23 15:38:12.953','2025-11-23 15:38:12.953'),('cmibvu3x700svgz7mtvm3ivqn','cmibvu3wv00slgz7mmjdvgpis','cmibvu2ys000qgz7mf2syi88f',0,'2025-11-23 15:38:12.956','2025-11-23 15:38:12.956'),('cmibvu3x900sxgz7m0y3asx02','cmibvu3wv00slgz7mmjdvgpis','cmibvu2z3000vgz7mswkprtg3',0,'2025-11-23 15:38:12.958','2025-11-23 15:38:12.958'),('cmibvu3xw00szgz7mrljfrc3e','cmibvu3wv00slgz7mmjdvgpis','cmibvu2zd0010gz7mq8zwk3g0',0,'2025-11-23 15:38:12.981','2025-11-23 15:38:12.981'),('cmibvu3xz00t1gz7mzp4h5jjl','cmibvu3wv00slgz7mmjdvgpis','cmibvu2zm0015gz7mjfdwearb',0,'2025-11-23 15:38:12.984','2025-11-23 15:38:12.984'),('cmibvu3y400t5gz7mu6p9jese','cmibvu3y200t3gz7mpdzoq0w8','cmibvu303001cgz7m6oel93va',0,'2025-11-23 15:38:12.989','2025-11-23 15:38:12.989'),('cmibvu3y700t7gz7m1wd8m152','cmibvu3y200t3gz7mpdzoq0w8','cmibvu30e001hgz7mna4s4zw7',0,'2025-11-23 15:38:12.992','2025-11-23 15:38:12.992'),('cmibvu3ya00t9gz7mbmv1e669','cmibvu3y200t3gz7mpdzoq0w8','cmibvu30p001mgz7m1dzrd143',0,'2025-11-23 15:38:12.994','2025-11-23 15:38:12.994'),('cmibvu3yc00tbgz7m87fvu8d4','cmibvu3y200t3gz7mpdzoq0w8','cmibvu30x001rgz7m76raqbrk',0,'2025-11-23 15:38:12.997','2025-11-23 15:38:12.997'),('cmibvu3ye00tdgz7mpo8rkusl','cmibvu3y200t3gz7mpdzoq0w8','cmibvu314001wgz7m6uqewand',0,'2025-11-23 15:38:12.999','2025-11-23 15:38:12.999'),('cmibvu3yh00tfgz7mjpei80yc','cmibvu3y200t3gz7mpdzoq0w8','cmibvu31d0021gz7m7vtftzi4',0,'2025-11-23 15:38:13.001','2025-11-23 15:38:13.001'),('cmibvu3yj00thgz7mnzaem2an','cmibvu3y200t3gz7mpdzoq0w8','cmibvu31m0026gz7mr4a29vht',0,'2025-11-23 15:38:13.004','2025-11-23 15:38:13.004'),('cmibvu3ym00tjgz7m66c4tjd8','cmibvu3y200t3gz7mpdzoq0w8','cmibvu31v002bgz7m63pip6pq',0,'2025-11-23 15:38:13.006','2025-11-23 15:38:13.006'),('cmibvu3yq00tngz7mlw1frotb','cmibvu3yn00tlgz7mu1roa1ew','cmibvu326002igz7mr4efrwm8',0,'2025-11-23 15:38:13.011','2025-11-23 15:38:13.011'),('cmibvu3yt00tpgz7mhsa0ff9z','cmibvu3yn00tlgz7mu1roa1ew','cmibvu32c002ngz7mctqwi3la',0,'2025-11-23 15:38:13.013','2025-11-23 15:38:13.013'),('cmibvu3yw00trgz7m4by77xvc','cmibvu3yn00tlgz7mu1roa1ew','cmibvu32i002sgz7md9rvjwav',0,'2025-11-23 15:38:13.016','2025-11-23 15:38:13.016'),('cmibvu3yy00ttgz7mmi0ob0wr','cmibvu3yn00tlgz7mu1roa1ew','cmibvu32o002xgz7mofmvu4ve',0,'2025-11-23 15:38:13.019','2025-11-23 15:38:13.019'),('cmibvu3z100tvgz7mg46a2do1','cmibvu3yn00tlgz7mu1roa1ew','cmibvu32t0032gz7mwxp64rx3',0,'2025-11-23 15:38:13.022','2025-11-23 15:38:13.022'),('cmibvu3z400txgz7m5jk7c971','cmibvu3yn00tlgz7mu1roa1ew','cmibvu3300037gz7mbw67y5tj',0,'2025-11-23 15:38:13.024','2025-11-23 15:38:13.024'),('cmibvu3z600tzgz7mki0vawpu','cmibvu3yn00tlgz7mu1roa1ew','cmibvu336003cgz7my419e328',0,'2025-11-23 15:38:13.027','2025-11-23 15:38:13.027'),('cmibvu3z900u1gz7m15psqs9i','cmibvu3yn00tlgz7mu1roa1ew','cmibvu33c003hgz7muyhkqoqv',0,'2025-11-23 15:38:13.029','2025-11-23 15:38:13.029'),('cmibvu3zc00u5gz7mxxmmh8nl','cmibvu3za00u3gz7mf954da14','cmibvu33k003ogz7m4woddt3w',0,'2025-11-23 15:38:13.033','2025-11-23 15:38:13.033'),('cmibvu3zf00u7gz7m06q0omhm','cmibvu3za00u3gz7mf954da14','cmibvu33q003tgz7muoobynci',0,'2025-11-23 15:38:13.036','2025-11-23 15:38:13.036'),('cmibvu3zi00u9gz7myb4zxh84','cmibvu3za00u3gz7mf954da14','cmibvu33w003ygz7mmtzzuzxp',0,'2025-11-23 15:38:13.038','2025-11-23 15:38:13.038'),('cmibvu3zk00ubgz7mjd5tm0fp','cmibvu3za00u3gz7mf954da14','cmibvu3420043gz7mg1whb8zj',0,'2025-11-23 15:38:13.040','2025-11-23 15:38:13.040'),('cmibvu3zm00udgz7m0jcz7mri','cmibvu3za00u3gz7mf954da14','cmibvu3480048gz7mz6l0fub2',0,'2025-11-23 15:38:13.042','2025-11-23 15:38:13.042'),('cmibvu3zo00ufgz7mzznomtv6','cmibvu3za00u3gz7mf954da14','cmibvu34e004dgz7mad7pju7y',0,'2025-11-23 15:38:13.045','2025-11-23 15:38:13.045'),('cmibvu3zr00uhgz7mergpghfc','cmibvu3za00u3gz7mf954da14','cmibvu34k004igz7mh4bsqrsz',0,'2025-11-23 15:38:13.047','2025-11-23 15:38:13.047'),('cmibvu3zt00ujgz7mtufuvgh0','cmibvu3za00u3gz7mf954da14','cmibvu34p004ngz7mmpfo0ykp',0,'2025-11-23 15:38:13.049','2025-11-23 15:38:13.049'),('cmibvu3zw00ulgz7m2qaeffp8','cmibvu3za00u3gz7mf954da14','cmibvu34v004sgz7ms57afh63',0,'2025-11-23 15:38:13.052','2025-11-23 15:38:13.052'),('cmibvu40000upgz7mgg1pmzfd','cmibvu3zx00ungz7mkl689a9o','cmibvu353004zgz7mlhf1ybj7',0,'2025-11-23 15:38:13.056','2025-11-23 15:38:13.056'),('cmibvu40200urgz7myicvq7e2','cmibvu3zx00ungz7mkl689a9o','cmibvu3580054gz7mzgql3jh6',0,'2025-11-23 15:38:13.058','2025-11-23 15:38:13.058'),('cmibvu40400utgz7mwppl3kyu','cmibvu3zx00ungz7mkl689a9o','cmibvu35e0059gz7mjia8ocyg',0,'2025-11-23 15:38:13.060','2025-11-23 15:38:13.060'),('cmibvu40600uvgz7mc6wwo8ww','cmibvu3zx00ungz7mkl689a9o','cmibvu35k005egz7mjmt18fbk',0,'2025-11-23 15:38:13.062','2025-11-23 15:38:13.062'),('cmibvu40800uxgz7mlebyl8xb','cmibvu3zx00ungz7mkl689a9o','cmibvu35q005jgz7mi1m4wlcz',0,'2025-11-23 15:38:13.064','2025-11-23 15:38:13.064'),('cmibvu40a00uzgz7mixvdoxdb','cmibvu3zx00ungz7mkl689a9o','cmibvu35x005ogz7m8vxu0zh1',0,'2025-11-23 15:38:13.066','2025-11-23 15:38:13.066'),('cmibvu40d00v1gz7m08h99lk0','cmibvu3zx00ungz7mkl689a9o','cmibvu366005tgz7mqrlyc502',0,'2025-11-23 15:38:13.069','2025-11-23 15:38:13.069'),('cmibvu40f00v3gz7my6rcyo72','cmibvu3zx00ungz7mkl689a9o','cmibvu36c005ygz7m9j8cs5xr',0,'2025-11-23 15:38:13.072','2025-11-23 15:38:13.072'),('cmibvu40i00v5gz7mgi93dvad','cmibvu3zx00ungz7mkl689a9o','cmibvu36j0063gz7mk1gt2mta',0,'2025-11-23 15:38:13.074','2025-11-23 15:38:13.074'),('cmibvu40l00v9gz7mgilgjgyc','cmibvu40j00v7gz7mftulk1lj','cmibvu36q006agz7mrqv6k1hr',0,'2025-11-23 15:38:13.078','2025-11-23 15:38:13.078'),('cmibvu40o00vbgz7mtej38qge','cmibvu40j00v7gz7mftulk1lj','cmibvu36x006fgz7meleaqrw6',0,'2025-11-23 15:38:13.080','2025-11-23 15:38:13.080'),('cmibvu40s00vdgz7mf0w1eesr','cmibvu40j00v7gz7mftulk1lj','cmibvu372006kgz7m2haaxtz9',0,'2025-11-23 15:38:13.084','2025-11-23 15:38:13.084'),('cmibvu40u00vfgz7mqt30x0zz','cmibvu40j00v7gz7mftulk1lj','cmibvu378006pgz7mh104fdxb',0,'2025-11-23 15:38:13.086','2025-11-23 15:38:13.086'),('cmibvu40w00vhgz7mztro1cub','cmibvu40j00v7gz7mftulk1lj','cmibvu37c006ugz7mrbk10060',0,'2025-11-23 15:38:13.089','2025-11-23 15:38:13.089'),('cmibvu40y00vjgz7mcbbmd2qe','cmibvu40j00v7gz7mftulk1lj','cmibvu37g006zgz7mmusf1bli',0,'2025-11-23 15:38:13.091','2025-11-23 15:38:13.091'),('cmibvu41700vlgz7mrfs0v4tz','cmibvu40j00v7gz7mftulk1lj','cmibvu37l0074gz7mtpqc8c6l',0,'2025-11-23 15:38:13.100','2025-11-23 15:38:13.100'),('cmibvu41h00vngz7mie5cf9tf','cmibvu40j00v7gz7mftulk1lj','cmibvu37p0079gz7mmww4qnzg',0,'2025-11-23 15:38:13.109','2025-11-23 15:38:13.109'),('cmibvu41n00vpgz7m8a3j4iyy','cmibvu40j00v7gz7mftulk1lj','cmibvu37u007egz7maeu8b0av',0,'2025-11-23 15:38:13.116','2025-11-23 15:38:13.116'),('cmibvu41z00vtgz7mrv5bt8gn','cmibvu41r00vrgz7mjmx6uzi8','cmibvu37z007lgz7mqbjrmb27',0,'2025-11-23 15:38:13.128','2025-11-23 15:38:13.128'),('cmibvu42400vvgz7mxfu1ph8h','cmibvu41r00vrgz7mjmx6uzi8','cmibvu384007qgz7m87dyt54k',0,'2025-11-23 15:38:13.132','2025-11-23 15:38:13.132'),('cmibvu42600vxgz7mq71c3ahy','cmibvu41r00vrgz7mjmx6uzi8','cmibvu388007vgz7mkdo04dte',0,'2025-11-23 15:38:13.135','2025-11-23 15:38:13.135'),('cmibvu42800vzgz7mpek67bmb','cmibvu41r00vrgz7mjmx6uzi8','cmibvu38c0080gz7micvwqq5e',0,'2025-11-23 15:38:13.137','2025-11-23 15:38:13.137'),('cmibvu42a00w1gz7m68dkubla','cmibvu41r00vrgz7mjmx6uzi8','cmibvu38h0085gz7mlx24b36c',0,'2025-11-23 15:38:13.139','2025-11-23 15:38:13.139'),('cmibvu42d00w3gz7mn63vbi8e','cmibvu41r00vrgz7mjmx6uzi8','cmibvu38m008agz7mrd1qtwae',0,'2025-11-23 15:38:13.141','2025-11-23 15:38:13.141'),('cmibvu42f00w5gz7mblcolwul','cmibvu41r00vrgz7mjmx6uzi8','cmibvu38q008fgz7m23sl42p8',0,'2025-11-23 15:38:13.143','2025-11-23 15:38:13.143'),('cmibvu42h00w7gz7mjmsepjfu','cmibvu41r00vrgz7mjmx6uzi8','cmibvu38u008kgz7mbiu9uqej',0,'2025-11-23 15:38:13.146','2025-11-23 15:38:13.146'),('cmibvu42l00wbgz7mg7wwgwr8','cmibvu42j00w9gz7m14s6h2xq','cmibvu391008rgz7m8ys34zbw',0,'2025-11-23 15:38:13.149','2025-11-23 15:38:13.149'),('cmibvu42n00wdgz7mujfay1xb','cmibvu42j00w9gz7m14s6h2xq','cmibvu395008wgz7m1f14g1ul',0,'2025-11-23 15:38:13.151','2025-11-23 15:38:13.151'),('cmibvu42p00wfgz7mrc6r900q','cmibvu42j00w9gz7m14s6h2xq','cmibvu3990091gz7m3xx6g7hu',0,'2025-11-23 15:38:13.153','2025-11-23 15:38:13.153'),('cmibvu42r00whgz7mz7orztjn','cmibvu42j00w9gz7m14s6h2xq','cmibvu39e0096gz7mzbrsz8gd',0,'2025-11-23 15:38:13.155','2025-11-23 15:38:13.155'),('cmibvu42t00wjgz7m2gx0w6ul','cmibvu42j00w9gz7m14s6h2xq','cmibvu39j009bgz7mjemnb1a8',0,'2025-11-23 15:38:13.157','2025-11-23 15:38:13.157'),('cmibvu42v00wlgz7mn0w1346c','cmibvu42j00w9gz7m14s6h2xq','cmibvu39o009ggz7mx3nwghle',0,'2025-11-23 15:38:13.159','2025-11-23 15:38:13.159'),('cmibvu42x00wngz7mdibdeuxz','cmibvu42j00w9gz7m14s6h2xq','cmibvu39t009lgz7mi4hiw0v9',0,'2025-11-23 15:38:13.161','2025-11-23 15:38:13.161'),('cmibvu42z00wpgz7m1ofpv884','cmibvu42j00w9gz7m14s6h2xq','cmibvu3a1009qgz7mpbb5ynw4',0,'2025-11-23 15:38:13.164','2025-11-23 15:38:13.164'),('cmibvu43100wrgz7m6weesmr7','cmibvu42j00w9gz7m14s6h2xq','cmibvu3a7009vgz7m0owqsna1',0,'2025-11-23 15:38:13.166','2025-11-23 15:38:13.166'),('cmibvu43400wtgz7mfiu4ornq','cmibvu42j00w9gz7m14s6h2xq','cmibvu3af00a0gz7mkkplr69e',0,'2025-11-23 15:38:13.168','2025-11-23 15:38:13.168'),('cmibvu43600wvgz7mp83ui141','cmibvu42j00w9gz7m14s6h2xq','cmibvu3aj00a5gz7m8o0g09se',0,'2025-11-23 15:38:13.170','2025-11-23 15:38:13.170'),('cmibvu43800wxgz7mt37escd5','cmibvu42j00w9gz7m14s6h2xq','cmibvu3ao00aagz7m04w3fnxq',0,'2025-11-23 15:38:13.172','2025-11-23 15:38:13.172'),('cmibvu43a00wzgz7m2iyzv56w','cmibvu42j00w9gz7m14s6h2xq','cmibvu3at00afgz7mjoabttef',0,'2025-11-23 15:38:13.174','2025-11-23 15:38:13.174'),('cmibvu43c00x1gz7m6p2k91i8','cmibvu42j00w9gz7m14s6h2xq','cmibvu3ay00akgz7mogqs968t',0,'2025-11-23 15:38:13.177','2025-11-23 15:38:13.177'),('cmibvu43f00x3gz7m9gwkcvdw','cmibvu42j00w9gz7m14s6h2xq','cmibvu3b200apgz7mlgnfpqa1',0,'2025-11-23 15:38:13.179','2025-11-23 15:38:13.179'),('cmird7pf800flfpum2gvp3753','cmird7pes00f5fpumv4inedzg','cmibvu2yk000lgz7mzpume44l',1,'2025-12-04 11:41:13.461','2025-12-04 11:50:15.169'),('cmird7pfa00fnfpumeeikr3wn','cmird7pes00f5fpumv4inedzg','cmibvu30x001rgz7m76raqbrk',2,'2025-12-04 11:41:13.463','2025-12-04 11:50:15.174'),('cmird7pfc00fpfpumtz5y2iqy','cmird7pes00f5fpumv4inedzg','cmibvu2z3000vgz7mswkprtg3',3,'2025-12-04 11:41:13.465','2025-12-04 11:50:15.178'),('cmird7pfe00frfpumxb2m2hef','cmird7pes00f5fpumv4inedzg','cmibvu2zm0015gz7mjfdwearb',6,'2025-12-04 11:41:13.466','2025-12-04 11:50:15.189'),('cmird7pfe00ftfpumgmiuvk6p','cmird7pes00f5fpumv4inedzg','cmibvu2zd0010gz7mq8zwk3g0',7,'2025-12-04 11:41:13.467','2025-12-04 11:50:15.193'),('cmird7pff00fvfpumbno48taq','cmird7pes00f5fpumv4inedzg','cmibvu30p001mgz7m1dzrd143',8,'2025-12-04 11:41:13.468','2025-12-04 11:50:15.198'),('cmird7pfg00fxfpumx1ksd91l','cmird7pev00f7fpummv6wlqhl','cmibvu2yd000ggz7m9i7nfsfm',6,'2025-12-04 11:41:13.469','2025-12-04 11:50:15.221'),('cmird7pfh00fzfpumrg6fwvcq','cmird7pev00f7fpummv6wlqhl','cmibvu2xx0006gz7mv9zrcymp',7,'2025-12-04 11:41:13.470','2025-12-04 11:50:15.223'),('cmird7pfi00g1fpumbhkvd191','cmird7pes00f5fpumv4inedzg','cmibvu303001cgz7m6oel93va',4,'2025-12-04 11:41:13.471','2025-12-04 11:50:15.181'),('cmird7pfj00g3fpum3fs1mbcq','cmird7pes00f5fpumv4inedzg','cmibvu2ys000qgz7mf2syi88f',5,'2025-12-04 11:41:13.472','2025-12-04 11:50:15.185'),('cmird7pfk00g5fpummfypmx3j','cmird7pev00f7fpummv6wlqhl','cmibvu30e001hgz7mna4s4zw7',2,'2025-12-04 11:41:13.473','2025-12-04 11:50:15.208'),('cmird7pfm00g7fpumw1p6xxgz','cmird7pev00f7fpummv6wlqhl','cmibvu31d0021gz7m7vtftzi4',3,'2025-12-04 11:41:13.474','2025-12-04 11:50:15.211'),('cmird7pfo00g9fpumt7z8bqn9','cmird7pev00f7fpummv6wlqhl','cmibvu32i002sgz7md9rvjwav',4,'2025-12-04 11:41:13.476','2025-12-04 11:50:15.213'),('cmird7pfp00gbfpumhw8c0bdy','cmird7pev00f7fpummv6wlqhl','cmibvu31v002bgz7m63pip6pq',8,'2025-12-04 11:41:13.478','2025-12-04 11:50:15.225'),('cmird7pfr00gdfpumvwo8idj1','cmird7pex00f9fpumdph6y0kp','cmibvu2y5000bgz7mti9dvc58',7,'2025-12-04 11:41:13.479','2025-12-04 11:50:15.245'),('cmird7pfs00gffpumcq7m6id9','cmird7pex00f9fpumdph6y0kp','cmibvu32o002xgz7mofmvu4ve',8,'2025-12-04 11:41:13.480','2025-12-04 11:50:15.248'),('cmird7pft00ghfpum0v4ht2im','cmird7pev00f7fpummv6wlqhl','cmibvu33c003hgz7muyhkqoqv',1,'2025-12-04 11:41:13.481','2025-12-04 11:50:15.205'),('cmird7pfu00gjfpum7odop1rd','cmird7pev00f7fpummv6wlqhl','cmibvu31m0026gz7mr4a29vht',5,'2025-12-04 11:41:13.482','2025-12-04 11:50:15.218'),('cmird7pfv00glfpumor8knnw1','cmird7pex00f9fpumdph6y0kp','cmibvu32t0032gz7mwxp64rx3',3,'2025-12-04 11:41:13.483','2025-12-04 11:50:15.236'),('cmird7pfx00gnfpumaxipqo74','cmird7pex00f9fpumdph6y0kp','cmibvu33w003ygz7mmtzzuzxp',4,'2025-12-04 11:41:13.485','2025-12-04 11:50:15.238'),('cmird7pfy00gpfpumtds59lng','cmird7pex00f9fpumdph6y0kp','cmibvu326002igz7mr4efrwm8',5,'2025-12-04 11:41:13.486','2025-12-04 11:50:15.240'),('cmird7pfz00grfpum06zzv09u','cmird7pex00f9fpumdph6y0kp','cmibvu314001wgz7m6uqewand',6,'2025-12-04 11:41:13.487','2025-12-04 11:50:15.242'),('cmird7pg000gtfpumrrc3eom3','cmird7pez00fbfpumb2c4gvw6','cmibvu3300037gz7mbw67y5tj',5,'2025-12-04 11:41:13.489','2025-12-04 11:50:15.259'),('cmird7pg200gvfpumxryj2orb','cmird7pez00fbfpumb2c4gvw6','cmibvu33q003tgz7muoobynci',9,'2025-12-04 11:41:13.490','2025-12-04 11:50:15.267'),('cmird7pg400gxfpume3jb3rc2','cmird7pex00f9fpumdph6y0kp','cmibvu34k004igz7mh4bsqrsz',1,'2025-12-04 11:41:13.492','2025-12-04 11:50:15.231'),('cmird7pg600gzfpumhdu9fnje','cmird7pex00f9fpumdph6y0kp','cmibvu366005tgz7mqrlyc502',2,'2025-12-04 11:41:13.495','2025-12-04 11:50:15.234'),('cmird7pg800h1fpumajjjpyaq','cmird7pez00fbfpumb2c4gvw6','cmibvu3580054gz7mzgql3jh6',3,'2025-12-04 11:41:13.496','2025-12-04 11:50:15.255'),('cmird7pg900h3fpumsthk8mdu','cmird7pez00fbfpumb2c4gvw6','cmibvu3420043gz7mg1whb8zj',4,'2025-12-04 11:41:13.498','2025-12-04 11:50:15.257'),('cmird7pgb00h5fpum7hr7ayu2','cmird7pez00fbfpumb2c4gvw6','cmibvu33k003ogz7m4woddt3w',6,'2025-12-04 11:41:13.499','2025-12-04 11:50:15.261'),('cmird7pgc00h7fpumhd9rf11a','cmird7pez00fbfpumb2c4gvw6','cmibvu32c002ngz7mctqwi3la',7,'2025-12-04 11:41:13.501','2025-12-04 11:50:15.263'),('cmird7pgd00h9fpumw96v0vtm','cmird7pez00fbfpumb2c4gvw6','cmibvu336003cgz7my419e328',8,'2025-12-04 11:41:13.502','2025-12-04 11:50:15.265'),('cmird7pgf00hbfpumvf1t24ag','cmird7pf100fdfpum045d5ru1','cmibvu34v004sgz7ms57afh63',8,'2025-12-04 11:41:13.503','2025-12-04 11:50:15.288'),('cmird7pgg00hdfpumsmw7m4rm','cmird7pf100fdfpum045d5ru1','cmibvu34e004dgz7mad7pju7y',9,'2025-12-04 11:41:13.504','2025-12-04 11:50:15.290'),('cmird7pgi00hffpumlkf9o9xj','cmird7pez00fbfpumb2c4gvw6','cmibvu35x005ogz7m8vxu0zh1',1,'2025-12-04 11:41:13.506','2025-12-04 11:50:15.252'),('cmird7pgj00hhfpuml7h8wf94','cmird7pez00fbfpumb2c4gvw6','cmibvu353004zgz7mlhf1ybj7',2,'2025-12-04 11:41:13.507','2025-12-04 11:50:15.254'),('cmird7pgk00hjfpum7bomy76j','cmird7pf100fdfpum045d5ru1','cmibvu3480048gz7mz6l0fub2',2,'2025-12-04 11:41:13.508','2025-12-04 11:50:15.275'),('cmird7pgm00hlfpumgm0h5z2v','cmird7pf100fdfpum045d5ru1','cmibvu372006kgz7m2haaxtz9',4,'2025-12-04 11:41:13.510','2025-12-04 11:50:15.279'),('cmird7pgn00hnfpum3504hvjx','cmird7pf100fdfpum045d5ru1','cmibvu35k005egz7mjmt18fbk',5,'2025-12-04 11:41:13.512','2025-12-04 11:50:15.281'),('cmird7pgp00hpfpumy2ir1jjz','cmird7pf100fdfpum045d5ru1','cmibvu34p004ngz7mmpfo0ykp',6,'2025-12-04 11:41:13.513','2025-12-04 11:50:15.284'),('cmird7pgq00hrfpum0d4wpeyb','cmird7pf100fdfpum045d5ru1','cmibvu378006pgz7mh104fdxb',7,'2025-12-04 11:41:13.514','2025-12-04 11:50:15.286'),('cmird7pgr00htfpumdwv8eozp','cmird7pf200fffpum5kvkua1j','cmibvu35e0059gz7mjia8ocyg',8,'2025-12-04 11:41:13.515','2025-12-04 11:50:15.307'),('cmird7pgs00hvfpumtrmcmtra','cmird7pf200fffpum5kvkua1j','cmibvu36c005ygz7m9j8cs5xr',9,'2025-12-04 11:41:13.516','2025-12-04 11:50:15.308'),('cmird7pgu00hxfpume77s9v2f','cmird7pf100fdfpum045d5ru1','cmibvu38m008agz7mrd1qtwae',1,'2025-12-04 11:41:13.518','2025-12-04 11:50:15.271'),('cmird7pgw00hzfpumm9k4cs63','cmird7pf100fdfpum045d5ru1','cmibvu37g006zgz7mmusf1bli',3,'2025-12-04 11:41:13.520','2025-12-04 11:50:15.277'),('cmird7pgy00i1fpumj86zuk1u','cmird7pf200fffpum5kvkua1j','cmibvu37c006ugz7mrbk10060',3,'2025-12-04 11:41:13.522','2025-12-04 11:50:15.298'),('cmird7ph000i3fpum7yh9sftm','cmird7pf200fffpum5kvkua1j','cmibvu37l0074gz7mtpqc8c6l',4,'2025-12-04 11:41:13.524','2025-12-04 11:50:15.300'),('cmird7ph200i5fpumb3p8m8uh','cmird7pf200fffpum5kvkua1j','cmibvu37z007lgz7mqbjrmb27',5,'2025-12-04 11:41:13.526','2025-12-04 11:50:15.301'),('cmird7ph400i7fpumi66cgdr2','cmird7pf200fffpum5kvkua1j','cmibvu36j0063gz7mk1gt2mta',6,'2025-12-04 11:41:13.528','2025-12-04 11:50:15.303'),('cmird7ph500i9fpumkxf5q9ge','cmird7pf200fffpum5kvkua1j','cmibvu37u007egz7maeu8b0av',7,'2025-12-04 11:41:13.529','2025-12-04 11:50:15.305'),('cmird7ph600ibfpumnif5cho6','cmird7pf400fhfpumeqmdfubh','cmibvu37p0079gz7mmww4qnzg',7,'2025-12-04 11:41:13.531','2025-12-04 11:50:15.325'),('cmird7ph800idfpumuh7vu5m9','cmird7pf400fhfpumeqmdfubh','cmibvu35q005jgz7mi1m4wlcz',8,'2025-12-04 11:41:13.532','2025-12-04 11:50:15.327'),('cmird7ph900iffpum1utdjr33','cmird7pf200fffpum5kvkua1j','cmibvu3990091gz7m3xx6g7hu',1,'2025-12-04 11:41:13.534','2025-12-04 11:50:15.294'),('cmird7phb00ihfpumtf4sqk8n','cmird7pf200fffpum5kvkua1j','cmibvu38c0080gz7micvwqq5e',2,'2025-12-04 11:41:13.535','2025-12-04 11:50:15.296'),('cmird7phc00ijfpum9kqq9yno','cmird7pf400fhfpumeqmdfubh','cmibvu36q006agz7mrqv6k1hr',1,'2025-12-04 11:41:13.537','2025-12-04 11:50:15.313'),('cmird7phe00ilfpum95az1uls','cmird7pf400fhfpumeqmdfubh','cmibvu38u008kgz7mbiu9uqej',3,'2025-12-04 11:41:13.538','2025-12-04 11:50:15.317'),('cmird7phf00infpumrvxfdd1h','cmird7pf400fhfpumeqmdfubh','cmibvu38h0085gz7mlx24b36c',4,'2025-12-04 11:41:13.540','2025-12-04 11:50:15.319'),('cmird7phg00ipfpumaxmht0hm','cmird7pf400fhfpumeqmdfubh','cmibvu36x006fgz7meleaqrw6',6,'2025-12-04 11:41:13.541','2025-12-04 11:50:15.323'),('cmird7phi00irfpumwetzkepr','cmird7pf500fjfpump1sigvn9','cmibvu388007vgz7mkdo04dte',13,'2025-12-04 11:41:13.542','2025-12-04 11:50:15.357'),('cmird7phk00itfpum9hcva1nd','cmird7pf500fjfpump1sigvn9','cmibvu3at00afgz7mjoabttef',14,'2025-12-04 11:41:13.544','2025-12-04 11:50:15.359'),('cmird7phl00ivfpumld5fclvq','cmird7pf400fhfpumeqmdfubh','cmibvu3ao00aagz7m04w3fnxq',2,'2025-12-04 11:41:13.545','2025-12-04 11:50:15.315'),('cmird7phm00ixfpumhrwplqv9','cmird7pf400fhfpumeqmdfubh','cmibvu395008wgz7m1f14g1ul',5,'2025-12-04 11:41:13.546','2025-12-04 11:50:15.321'),('cmird7phn00izfpumwgsuuv1o','cmird7pf500fjfpump1sigvn9','cmibvu39j009bgz7mjemnb1a8',1,'2025-12-04 11:41:13.547','2025-12-04 11:50:15.332'),('cmird7pho00j1fpumsdt5p5k1','cmird7pf500fjfpump1sigvn9','cmibvu391008rgz7m8ys34zbw',2,'2025-12-04 11:41:13.548','2025-12-04 11:50:15.335'),('cmird7php00j3fpumvlinl3d9','cmird7pf500fjfpump1sigvn9','cmibvu3aj00a5gz7m8o0g09se',3,'2025-12-04 11:41:13.550','2025-12-04 11:50:15.338'),('cmird7phq00j5fpumnxl5hwgs','cmird7pf500fjfpump1sigvn9','cmibvu3a7009vgz7m0owqsna1',4,'2025-12-04 11:41:13.550','2025-12-04 11:50:15.341'),('cmird7phr00j7fpumwkyqbrvv','cmird7pf500fjfpump1sigvn9','cmibvu3ay00akgz7mogqs968t',5,'2025-12-04 11:41:13.552','2025-12-04 11:50:15.342'),('cmird7phu00j9fpumv5xhhwyv','cmird7pf500fjfpump1sigvn9','cmibvu384007qgz7m87dyt54k',6,'2025-12-04 11:41:13.554','2025-12-04 11:50:15.344'),('cmird7phv00jbfpum5g1rkbft','cmird7pf500fjfpump1sigvn9','cmibvu3a1009qgz7mpbb5ynw4',7,'2025-12-04 11:41:13.555','2025-12-04 11:50:15.346'),('cmird7phw00jdfpumjxjh5a62','cmird7pf500fjfpump1sigvn9','cmibvu39t009lgz7mi4hiw0v9',8,'2025-12-04 11:41:13.556','2025-12-04 11:50:15.348'),('cmird7phx00jffpumz249o3b5','cmird7pf500fjfpump1sigvn9','cmibvu38q008fgz7m23sl42p8',9,'2025-12-04 11:41:13.557','2025-12-04 11:50:15.350'),('cmird7phy00jhfpumbu4n098l','cmird7pf500fjfpump1sigvn9','cmibvu3af00a0gz7mkkplr69e',10,'2025-12-04 11:41:13.558','2025-12-04 11:50:15.352'),('cmird7phz00jjfpumx6xo81uk','cmird7pf500fjfpump1sigvn9','cmibvu39o009ggz7mx3nwghle',11,'2025-12-04 11:41:13.560','2025-12-04 11:50:15.354'),('cmird7pi100jlfpumzrlu86hw','cmird7pf500fjfpump1sigvn9','cmibvu39e0096gz7mzbrsz8gd',12,'2025-12-04 11:41:13.561','2025-12-04 11:50:15.355'),('cmird7pi200jnfpumvi1xwzpi','cmird7pf500fjfpump1sigvn9','cmibvu3b200apgz7mlgnfpqa1',15,'2025-12-04 11:41:13.562','2025-12-04 11:50:15.361');
/*!40000 ALTER TABLE `group_players` ENABLE KEYS */;
UNLOCK TABLES;

--
-- Table structure for table `groups`
--

DROP TABLE IF EXISTS `groups`;
/*!40101 SET @saved_cs_client     = @@character_set_client */;
/*!50503 SET character_set_client = utf8mb4 */;
CREATE TABLE `groups` (
  `id` varchar(191) COLLATE utf8mb4_unicode_ci NOT NULL,
  `name` varchar(191) COLLATE utf8mb4_unicode_ci NOT NULL,
  `whatsappUrl` varchar(191) COLLATE utf8mb4_unicode_ci DEFAULT NULL,
  `seasonId` varchar(191) COLLATE utf8mb4_unicode_ci NOT NULL,
  `createdAt` datetime(3) NOT NULL DEFAULT CURRENT_TIMESTAMP(3),
  `updatedAt` datetime(3) NOT NULL,
  PRIMARY KEY (`id`),
  KEY `groups_seasonId_idx` (`seasonId`),
  CONSTRAINT `groups_seasonId_fkey` FOREIGN KEY (`seasonId`) REFERENCES `seasons` (`id`) ON DELETE CASCADE ON UPDATE CASCADE
) ENGINE=InnoDB DEFAULT CHARSET=utf8mb4 COLLATE=utf8mb4_unicode_ci;
/*!40101 SET character_set_client = @saved_cs_client */;

--
-- Dumping data for table `groups`
--

LOCK TABLES `groups` WRITE;
/*!40000 ALTER TABLE `groups` DISABLE KEYS */;
INSERT INTO `groups` VALUES ('cmibvu2xq0003gz7mqbiwp9ag','Grupo 1 Taldea',NULL,'cmibvu2uj0000gz7md03yppe2','2025-11-23 15:38:11.678','2025-11-23 15:38:11.678'),('cmibvu2zt0019gz7mqtdw0os0','Grupo 2 Taldea',NULL,'cmibvu2uj0000gz7md03yppe2','2025-11-23 15:38:11.754','2025-11-23 15:38:11.754'),('cmibvu320002fgz7moj17dz1c','Grupo 3 Taldea',NULL,'cmibvu2uj0000gz7md03yppe2','2025-11-23 15:38:11.832','2025-11-23 15:38:11.832'),('cmibvu33g003lgz7m8d5n153b','Grupo 4 Taldea',NULL,'cmibvu2uj0000gz7md03yppe2','2025-11-23 15:38:11.885','2025-11-23 15:38:11.885'),('cmibvu34z004wgz7mejfobg9r','Grupo 5 Taldea',NULL,'cmibvu2uj0000gz7md03yppe2','2025-11-23 15:38:11.939','2025-11-23 15:38:11.939'),('cmibvu36m0067gz7mdbn1sihj','Grupo 6 Taldea',NULL,'cmibvu2uj0000gz7md03yppe2','2025-11-23 15:38:11.999','2025-11-23 15:38:11.999'),('cmibvu37x007igz7mterb4iui','Grupo 7 Taldea',NULL,'cmibvu2uj0000gz7md03yppe2','2025-11-23 15:38:12.045','2025-11-23 15:38:12.045'),('cmibvu38x008ogz7mbejmhulo','Grupo 8 Taldea',NULL,'cmibvu2uj0000gz7md03yppe2','2025-11-23 15:38:12.082','2025-11-23 15:38:12.082'),('cmibvu3b800augz7makttaell','Grupo 1 Taldea',NULL,'cmibvu3b600asgz7mb6v7co43','2025-11-23 15:38:12.164','2025-11-23 15:38:12.164'),('cmibvu3bz00bcgz7mn5t0plzf','Grupo 2 Taldea',NULL,'cmibvu3b600asgz7mb6v7co43','2025-11-23 15:38:12.191','2025-11-23 15:38:12.191'),('cmibvu3ci00bugz7mjkpvc0uo','Grupo 3 Taldea',NULL,'cmibvu3b600asgz7mb6v7co43','2025-11-23 15:38:12.211','2025-11-23 15:38:12.211'),('cmibvu3d500ccgz7mscqfj9pa','Grupo 4 Taldea',NULL,'cmibvu3b600asgz7mb6v7co43','2025-11-23 15:38:12.234','2025-11-23 15:38:12.234'),('cmibvu3dv00cwgz7ma3qa6yxw','Grupo 5 Taldea',NULL,'cmibvu3b600asgz7mb6v7co43','2025-11-23 15:38:12.259','2025-11-23 15:38:12.259'),('cmibvu3el00dggz7mzfoieahs','Grupo 6 Taldea',NULL,'cmibvu3b600asgz7mb6v7co43','2025-11-23 15:38:12.286','2025-11-23 15:38:12.286'),('cmibvu3fd00e0gz7m73uo1h95','Grupo 7 Taldea',NULL,'cmibvu3b600asgz7mb6v7co43','2025-11-23 15:38:12.314','2025-11-23 15:38:12.314'),('cmibvu3g200eigz7m6w8593gl','Grupo 8 Taldea',NULL,'cmibvu3b600asgz7mb6v7co43','2025-11-23 15:38:12.338','2025-11-23 15:38:12.338'),('cmibvu3ih00grgz7moe3dtlkd','Grupo 1 Taldea',NULL,'cmibvu3if00gpgz7memhm1nwj','2025-11-23 15:38:12.425','2025-11-23 15:38:12.425'),('cmibvu3j500h9gz7mgn2ffyek','Grupo 2 Taldea',NULL,'cmibvu3if00gpgz7memhm1nwj','2025-11-23 15:38:12.449','2025-11-23 15:38:12.449'),('cmibvu3js00hrgz7m117tr1c9','Grupo 3 Taldea',NULL,'cmibvu3if00gpgz7memhm1nwj','2025-11-23 15:38:12.472','2025-11-23 15:38:12.472'),('cmibvu3ki00i9gz7mh1yyyhgu','Grupo 4 Taldea',NULL,'cmibvu3if00gpgz7memhm1nwj','2025-11-23 15:38:12.499','2025-11-23 15:38:12.499'),('cmibvu3l900itgz7mappo5yd4','Grupo 5 Taldea',NULL,'cmibvu3if00gpgz7memhm1nwj','2025-11-23 15:38:12.525','2025-11-23 15:38:12.525'),('cmibvu3ma00jdgz7m1ec077vo','Grupo 6 Taldea',NULL,'cmibvu3if00gpgz7memhm1nwj','2025-11-23 15:38:12.562','2025-11-23 15:38:12.562'),('cmibvu3n400jxgz7mu36yb1vg','Grupo 7 Taldea',NULL,'cmibvu3if00gpgz7memhm1nwj','2025-11-23 15:38:12.593','2025-11-23 15:38:12.593'),('cmibvu3nq00kfgz7m5h1bobj8','Grupo 8 Taldea',NULL,'cmibvu3if00gpgz7memhm1nwj','2025-11-23 15:38:12.614','2025-11-23 15:38:12.614'),('cmibvu3q700mogz7m5uvh33c3','Grupo 1 Taldea',NULL,'cmibvu3q500mmgz7mify4v8gv','2025-11-23 15:38:12.703','2025-11-23 15:38:12.703'),('cmibvu3qs00n6gz7mo5iqu7ap','Grupo 2 Taldea',NULL,'cmibvu3q500mmgz7mify4v8gv','2025-11-23 15:38:12.725','2025-11-23 15:38:12.725'),('cmibvu3rf00nogz7mg6lgno6d','Grupo 3 Taldea',NULL,'cmibvu3q500mmgz7mify4v8gv','2025-11-23 15:38:12.747','2025-11-23 15:38:12.747'),('cmibvu3rz00o6gz7mgxstp877','Grupo 4 Taldea',NULL,'cmibvu3q500mmgz7mify4v8gv','2025-11-23 15:38:12.768','2025-11-23 15:38:12.768'),('cmibvu3sn00oqgz7mwrfqnbyu','Grupo 5 Taldea',NULL,'cmibvu3q500mmgz7mify4v8gv','2025-11-23 15:38:12.792','2025-11-23 15:38:12.792'),('cmibvu3ta00pagz7m2qnwec1c','Grupo 6 Taldea',NULL,'cmibvu3q500mmgz7mify4v8gv','2025-11-23 15:38:12.815','2025-11-23 15:38:12.815'),('cmibvu3u000pugz7mqgmz9c5s','Grupo 7 Taldea',NULL,'cmibvu3q500mmgz7mify4v8gv','2025-11-23 15:38:12.841','2025-11-23 15:38:12.841'),('cmibvu3um00qcgz7mgizzzt6p','Grupo 8 Taldea',NULL,'cmibvu3q500mmgz7mify4v8gv','2025-11-23 15:38:12.862','2025-11-23 15:38:12.862'),('cmibvu3wv00slgz7mmjdvgpis','Grupo 1 Taldea',NULL,'cmibvu3wu00sjgz7msp0fqel3','2025-11-23 15:38:12.944','2025-11-23 15:38:12.944'),('cmibvu3y200t3gz7mpdzoq0w8','Grupo 2 Taldea',NULL,'cmibvu3wu00sjgz7msp0fqel3','2025-11-23 15:38:12.986','2025-11-23 15:38:12.986'),('cmibvu3yn00tlgz7mu1roa1ew','Grupo 3 Taldea',NULL,'cmibvu3wu00sjgz7msp0fqel3','2025-11-23 15:38:13.008','2025-11-23 15:38:13.008'),('cmibvu3za00u3gz7mf954da14','Grupo 4 Taldea',NULL,'cmibvu3wu00sjgz7msp0fqel3','2025-11-23 15:38:13.030','2025-11-23 15:38:13.030'),('cmibvu3zx00ungz7mkl689a9o','Grupo 5 Taldea',NULL,'cmibvu3wu00sjgz7msp0fqel3','2025-11-23 15:38:13.054','2025-11-23 15:38:13.054'),('cmibvu40j00v7gz7mftulk1lj','Grupo 6 Taldea',NULL,'cmibvu3wu00sjgz7msp0fqel3','2025-11-23 15:38:13.076','2025-11-23 15:38:13.076'),('cmibvu41r00vrgz7mjmx6uzi8','Grupo 7 Taldea',NULL,'cmibvu3wu00sjgz7msp0fqel3','2025-11-23 15:38:13.120','2025-11-23 15:38:13.120'),('cmibvu42j00w9gz7m14s6h2xq','Grupo 8 Taldea',NULL,'cmibvu3wu00sjgz7msp0fqel3','2025-11-23 15:38:13.147','2025-11-23 15:38:13.147'),('cmird7pes00f5fpumv4inedzg','Grupo 1 Taldea',NULL,'cmird7pep00f3fpum3lrunud2','2025-12-04 11:41:13.445','2025-12-04 11:41:13.445'),('cmird7pev00f7fpummv6wlqhl','Grupo 2 Taldea',NULL,'cmird7pep00f3fpum3lrunud2','2025-12-04 11:41:13.447','2025-12-04 11:41:13.447'),('cmird7pex00f9fpumdph6y0kp','Grupo 3 Taldea',NULL,'cmird7pep00f3fpum3lrunud2','2025-12-04 11:41:13.450','2025-12-04 11:41:13.450'),('cmird7pez00fbfpumb2c4gvw6','Grupo 4 Taldea',NULL,'cmird7pep00f3fpum3lrunud2','2025-12-04 11:41:13.451','2025-12-04 11:41:13.451'),('cmird7pf100fdfpum045d5ru1','Grupo 5 Taldea',NULL,'cmird7pep00f3fpum3lrunud2','2025-12-04 11:41:13.453','2025-12-04 11:41:13.453'),('cmird7pf200fffpum5kvkua1j','Grupo 6 Taldea',NULL,'cmird7pep00f3fpum3lrunud2','2025-12-04 11:41:13.455','2025-12-04 11:41:13.455'),('cmird7pf400fhfpumeqmdfubh','Grupo 7 Taldea',NULL,'cmird7pep00f3fpum3lrunud2','2025-12-04 11:41:13.456','2025-12-04 11:41:13.456'),('cmird7pf500fjfpump1sigvn9','Grupo 8 Taldea',NULL,'cmird7pep00f3fpum3lrunud2','2025-12-04 11:41:13.457','2025-12-04 11:41:13.457');
/*!40000 ALTER TABLE `groups` ENABLE KEYS */;
UNLOCK TABLES;

--
-- Table structure for table `matches`
--

DROP TABLE IF EXISTS `matches`;
/*!40101 SET @saved_cs_client     = @@character_set_client */;
/*!50503 SET character_set_client = utf8mb4 */;
CREATE TABLE `matches` (
  `id` varchar(191) COLLATE utf8mb4_unicode_ci NOT NULL,
  `groupId` varchar(191) COLLATE utf8mb4_unicode_ci NOT NULL,
  `player1Id` varchar(191) COLLATE utf8mb4_unicode_ci NOT NULL,
  `player2Id` varchar(191) COLLATE utf8mb4_unicode_ci NOT NULL,
  `date` datetime(3) NOT NULL DEFAULT CURRENT_TIMESTAMP(3),
  `gamesP1` int NOT NULL,
  `gamesP2` int NOT NULL,
  `winnerId` varchar(191) COLLATE utf8mb4_unicode_ci DEFAULT NULL,
  `matchStatus` enum('PLAYED','INJURY','CANCELLED') COLLATE utf8mb4_unicode_ci NOT NULL DEFAULT 'PLAYED',
  `createdAt` datetime(3) NOT NULL DEFAULT CURRENT_TIMESTAMP(3),
  `updatedAt` datetime(3) NOT NULL,
  PRIMARY KEY (`id`),
  KEY `matches_groupId_idx` (`groupId`),
  KEY `matches_player1Id_idx` (`player1Id`),
  KEY `matches_player2Id_idx` (`player2Id`),
  KEY `matches_date_idx` (`date`),
  KEY `matches_winnerId_fkey` (`winnerId`),
  KEY `matches_createdAt_idx` (`createdAt`),
  KEY `matches_groupId_date_idx` (`groupId`,`date`),
  KEY `matches_player1Id_date_idx` (`player1Id`,`date`),
  KEY `matches_player2Id_date_idx` (`player2Id`,`date`),
  CONSTRAINT `matches_groupId_fkey` FOREIGN KEY (`groupId`) REFERENCES `groups` (`id`) ON DELETE CASCADE ON UPDATE CASCADE,
  CONSTRAINT `matches_player1Id_fkey` FOREIGN KEY (`player1Id`) REFERENCES `players` (`id`) ON UPDATE CASCADE,
  CONSTRAINT `matches_player2Id_fkey` FOREIGN KEY (`player2Id`) REFERENCES `players` (`id`) ON UPDATE CASCADE,
  CONSTRAINT `matches_winnerId_fkey` FOREIGN KEY (`winnerId`) REFERENCES `players` (`id`) ON DELETE SET NULL ON UPDATE CASCADE
) ENGINE=InnoDB DEFAULT CHARSET=utf8mb4 COLLATE=utf8mb4_unicode_ci;
/*!40101 SET character_set_client = @saved_cs_client */;

--
-- Dumping data for table `matches`
--

LOCK TABLES `matches` WRITE;
/*!40000 ALTER TABLE `matches` DISABLE KEYS */;
INSERT INTO `matches` VALUES ('cmibvu3h900fegz7mxjibtt6g','cmibvu3b800augz7makttaell','cmibvu2yk000lgz7mzpume44l','cmibvu2xx0006gz7mv9zrcymp','2024-11-15 15:29:06.667',1,0,'cmibvu2yk000lgz7mzpume44l','PLAYED','2025-11-23 15:38:12.382','2025-11-23 15:38:12.382'),('cmibvu3hb00fggz7meh8iteq9','cmibvu3b800augz7makttaell','cmibvu2zm0015gz7mjfdwearb','cmibvu2zd0010gz7mq8zwk3g0','2024-11-03 02:29:37.184',1,2,'cmibvu2zd0010gz7mq8zwk3g0','PLAYED','2025-11-23 15:38:12.384','2025-11-23 15:38:12.384'),('cmibvu3hd00figz7mojiaiqj2','cmibvu3b800augz7makttaell','cmibvu2ys000qgz7mf2syi88f','cmibvu2yd000ggz7m9i7nfsfm','2024-12-13 11:28:45.936',2,2,'cmibvu2yd000ggz7m9i7nfsfm','PLAYED','2025-11-23 15:38:12.386','2025-11-23 15:38:12.386'),('cmibvu3hf00fkgz7msn3uuqye','cmibvu3bz00bcgz7mn5t0plzf','cmibvu30e001hgz7mna4s4zw7','cmibvu30p001mgz7m1dzrd143','2024-12-26 06:13:19.792',2,1,'cmibvu30p001mgz7m1dzrd143','PLAYED','2025-11-23 15:38:12.388','2025-11-23 15:38:12.388'),('cmibvu3hh00fmgz7mz0sf2d5k','cmibvu3bz00bcgz7mn5t0plzf','cmibvu30p001mgz7m1dzrd143','cmibvu30e001hgz7mna4s4zw7','2024-12-26 07:06:07.427',2,0,'cmibvu30e001hgz7mna4s4zw7','PLAYED','2025-11-23 15:38:12.390','2025-11-23 15:38:12.390'),('cmibvu3hj00fogz7ml414u7ag','cmibvu3bz00bcgz7mn5t0plzf','cmibvu31v002bgz7m63pip6pq','cmibvu31m0026gz7mr4a29vht','2024-12-07 04:59:00.686',1,1,'cmibvu31v002bgz7m63pip6pq','PLAYED','2025-11-23 15:38:12.392','2025-11-23 15:38:12.392'),('cmibvu3hl00fqgz7m8py42egh','cmibvu3ci00bugz7mjkpvc0uo','cmibvu32o002xgz7mofmvu4ve','cmibvu33c003hgz7muyhkqoqv','2024-11-09 16:19:08.215',1,0,'cmibvu32o002xgz7mofmvu4ve','PLAYED','2025-11-23 15:38:12.394','2025-11-23 15:38:12.394'),('cmibvu3hn00fsgz7mp5zp2awl','cmibvu3ci00bugz7mjkpvc0uo','cmibvu326002igz7mr4efrwm8','cmibvu33c003hgz7muyhkqoqv','2024-12-28 05:14:17.615',1,1,'cmibvu326002igz7mr4efrwm8','PLAYED','2025-11-23 15:38:12.395','2025-11-23 15:38:12.395'),('cmibvu3hp00fugz7mpi1h6222','cmibvu3ci00bugz7mjkpvc0uo','cmibvu326002igz7mr4efrwm8','cmibvu33c003hgz7muyhkqoqv','2024-12-09 07:42:40.347',2,0,'cmibvu33c003hgz7muyhkqoqv','PLAYED','2025-11-23 15:38:12.397','2025-11-23 15:38:12.397'),('cmibvu3hq00fwgz7maxlwkd7i','cmibvu3d500ccgz7mscqfj9pa','cmibvu33k003ogz7m4woddt3w','cmibvu33w003ygz7mmtzzuzxp','2024-11-09 06:44:59.735',1,1,'cmibvu33w003ygz7mmtzzuzxp','PLAYED','2025-11-23 15:38:12.399','2025-11-23 15:38:12.399'),('cmibvu3hs00fygz7m71tv1jvr','cmibvu3d500ccgz7mscqfj9pa','cmibvu3420043gz7mg1whb8zj','cmibvu33q003tgz7muoobynci','2024-11-30 09:08:15.065',2,2,'cmibvu33q003tgz7muoobynci','PLAYED','2025-11-23 15:38:12.400','2025-11-23 15:38:12.400'),('cmibvu3hu00g0gz7mi2r35cew','cmibvu3d500ccgz7mscqfj9pa','cmibvu33w003ygz7mmtzzuzxp','cmibvu33k003ogz7m4woddt3w','2024-12-25 20:14:15.197',3,2,'cmibvu33w003ygz7mmtzzuzxp','PLAYED','2025-11-23 15:38:12.403','2025-11-23 15:38:12.403'),('cmibvu3hw00g2gz7m27whdyxi','cmibvu3dv00cwgz7ma3qa6yxw','cmibvu36c005ygz7m9j8cs5xr','cmibvu353004zgz7mlhf1ybj7','2024-11-29 18:18:16.117',2,0,'cmibvu36c005ygz7m9j8cs5xr','PLAYED','2025-11-23 15:38:12.404','2025-11-23 15:38:12.404'),('cmibvu3hx00g4gz7mdfpu2h3t','cmibvu3dv00cwgz7ma3qa6yxw','cmibvu366005tgz7mqrlyc502','cmibvu3580054gz7mzgql3jh6','2024-11-21 00:05:53.293',2,2,'cmibvu366005tgz7mqrlyc502','PLAYED','2025-11-23 15:38:12.406','2025-11-23 15:38:12.406'),('cmibvu3hz00g6gz7mgwkmh3c9','cmibvu3dv00cwgz7ma3qa6yxw','cmibvu353004zgz7mlhf1ybj7','cmibvu366005tgz7mqrlyc502','2024-11-28 12:49:29.384',0,2,'cmibvu353004zgz7mlhf1ybj7','PLAYED','2025-11-23 15:38:12.407','2025-11-23 15:38:12.407'),('cmibvu3i000g8gz7m0phnaihi','cmibvu3el00dggz7mzfoieahs','cmibvu37u007egz7maeu8b0av','cmibvu378006pgz7mh104fdxb','2024-11-30 04:36:27.872',1,2,'cmibvu378006pgz7mh104fdxb','PLAYED','2025-11-23 15:38:12.409','2025-11-23 15:38:12.409'),('cmibvu3i200gagz7m53qmbf68','cmibvu3el00dggz7mzfoieahs','cmibvu37p0079gz7mmww4qnzg','cmibvu37l0074gz7mtpqc8c6l','2024-12-15 20:56:31.606',0,0,'cmibvu37p0079gz7mmww4qnzg','PLAYED','2025-11-23 15:38:12.410','2025-11-23 15:38:12.410'),('cmibvu3i300gcgz7mls67fmfy','cmibvu3el00dggz7mzfoieahs','cmibvu36q006agz7mrqv6k1hr','cmibvu372006kgz7m2haaxtz9','2024-11-22 19:18:15.171',2,3,'cmibvu372006kgz7m2haaxtz9','PLAYED','2025-11-23 15:38:12.412','2025-11-23 15:38:12.412'),('cmibvu3i500gegz7mk3zzfs6b','cmibvu3fd00e0gz7m73uo1h95','cmibvu388007vgz7mkdo04dte','cmibvu384007qgz7m87dyt54k','2024-11-23 22:32:32.380',3,2,'cmibvu388007vgz7mkdo04dte','PLAYED','2025-11-23 15:38:12.413','2025-11-23 15:38:12.413'),('cmibvu3i700gggz7mmne8c0er','cmibvu3fd00e0gz7m73uo1h95','cmibvu38c0080gz7micvwqq5e','cmibvu38m008agz7mrd1qtwae','2024-12-16 17:18:29.899',1,0,'cmibvu38m008agz7mrd1qtwae','PLAYED','2025-11-23 15:38:12.415','2025-11-23 15:38:12.415'),('cmibvu3i800gigz7mhryxlep3','cmibvu3fd00e0gz7m73uo1h95','cmibvu38h0085gz7mlx24b36c','cmibvu38c0080gz7micvwqq5e','2024-11-01 08:05:33.589',3,2,'cmibvu38h0085gz7mlx24b36c','PLAYED','2025-11-23 15:38:12.417','2025-11-23 15:38:12.417'),('cmibvu3ia00gkgz7mhxgl3314','cmibvu3g200eigz7m6w8593gl','cmibvu3990091gz7m3xx6g7hu','cmibvu3b200apgz7mlgnfpqa1','2024-11-02 15:47:02.820',1,1,'cmibvu3990091gz7m3xx6g7hu','PLAYED','2025-11-23 15:38:12.419','2025-11-23 15:38:12.419'),('cmibvu3ic00gmgz7mimf0667c','cmibvu3g200eigz7m6w8593gl','cmibvu3at00afgz7mjoabttef','cmibvu3ay00akgz7mogqs968t','2024-12-01 07:55:26.073',2,3,'cmibvu3at00afgz7mjoabttef','PLAYED','2025-11-23 15:38:12.420','2025-11-23 15:38:12.420'),('cmibvu3ie00gogz7mii9og37a','cmibvu3g200eigz7m6w8593gl','cmibvu395008wgz7m1f14g1ul','cmibvu3at00afgz7mjoabttef','2024-11-30 17:49:33.041',0,0,'cmibvu3at00afgz7mjoabttef','PLAYED','2025-11-23 15:38:12.422','2025-11-23 15:38:12.422'),('cmibvu3oz00lbgz7mrs2ras96','cmibvu3ih00grgz7moe3dtlkd','cmibvu2yd000ggz7m9i7nfsfm','cmibvu2yk000lgz7mzpume44l','2023-11-23 05:00:05.914',0,2,'cmibvu2yd000ggz7m9i7nfsfm','PLAYED','2025-11-23 15:38:12.659','2025-11-23 15:38:12.659'),('cmibvu3p200ldgz7mdehugv3i','cmibvu3ih00grgz7moe3dtlkd','cmibvu2y5000bgz7mti9dvc58','cmibvu2ys000qgz7mf2syi88f','2023-12-25 04:46:52.902',3,2,'cmibvu2ys000qgz7mf2syi88f','PLAYED','2025-11-23 15:38:12.662','2025-11-23 15:38:12.662'),('cmibvu3p400lfgz7myc5epd8k','cmibvu3ih00grgz7moe3dtlkd','cmibvu2yk000lgz7mzpume44l','cmibvu2zm0015gz7mjfdwearb','2023-11-18 13:12:15.375',1,3,'cmibvu2zm0015gz7mjfdwearb','PLAYED','2025-11-23 15:38:12.664','2025-11-23 15:38:12.664'),('cmibvu3p500lhgz7mx7oubag8','cmibvu3j500h9gz7mgn2ffyek','cmibvu31d0021gz7m7vtftzi4','cmibvu303001cgz7m6oel93va','2023-11-23 01:05:52.524',3,1,'cmibvu303001cgz7m6oel93va','PLAYED','2025-11-23 15:38:12.666','2025-11-23 15:38:12.666'),('cmibvu3p700ljgz7mihdwkkf2','cmibvu3j500h9gz7mgn2ffyek','cmibvu30e001hgz7mna4s4zw7','cmibvu31v002bgz7m63pip6pq','2023-11-28 00:17:04.271',1,2,'cmibvu30e001hgz7mna4s4zw7','PLAYED','2025-11-23 15:38:12.667','2025-11-23 15:38:12.667'),('cmibvu3p900llgz7mt7tkwjgv','cmibvu3j500h9gz7mgn2ffyek','cmibvu303001cgz7m6oel93va','cmibvu314001wgz7m6uqewand','2023-12-05 21:56:40.176',3,1,'cmibvu314001wgz7m6uqewand','PLAYED','2025-11-23 15:38:12.669','2025-11-23 15:38:12.669'),('cmibvu3pa00lngz7mumqc3s91','cmibvu3js00hrgz7m117tr1c9','cmibvu3300037gz7mbw67y5tj','cmibvu32c002ngz7mctqwi3la','2023-12-02 09:07:09.987',1,3,'cmibvu3300037gz7mbw67y5tj','PLAYED','2025-11-23 15:38:12.671','2025-11-23 15:38:12.671'),('cmibvu3pc00lpgz7m4vblx7e7','cmibvu3js00hrgz7m117tr1c9','cmibvu32i002sgz7md9rvjwav','cmibvu32c002ngz7mctqwi3la','2023-11-08 20:59:01.038',0,0,'cmibvu32i002sgz7md9rvjwav','PLAYED','2025-11-23 15:38:12.673','2025-11-23 15:38:12.673'),('cmibvu3pe00lrgz7m6rck5xxo','cmibvu3js00hrgz7m117tr1c9','cmibvu3300037gz7mbw67y5tj','cmibvu32t0032gz7mwxp64rx3','2023-11-05 23:13:06.590',3,0,'cmibvu3300037gz7mbw67y5tj','PLAYED','2025-11-23 15:38:12.674','2025-11-23 15:38:12.674'),('cmibvu3pf00ltgz7mq3csvhyf','cmibvu3ki00i9gz7mh1yyyhgu','cmibvu34k004igz7mh4bsqrsz','cmibvu33k003ogz7m4woddt3w','2023-12-25 11:47:47.106',0,0,'cmibvu33k003ogz7m4woddt3w','PLAYED','2025-11-23 15:38:12.676','2025-11-23 15:38:12.676'),('cmibvu3ph00lvgz7mewkiwa3i','cmibvu3ki00i9gz7mh1yyyhgu','cmibvu34k004igz7mh4bsqrsz','cmibvu33k003ogz7m4woddt3w','2023-12-31 16:46:33.243',0,2,'cmibvu33k003ogz7m4woddt3w','PLAYED','2025-11-23 15:38:12.677','2025-11-23 15:38:12.677'),('cmibvu3pi00lxgz7mu8323l6a','cmibvu3ki00i9gz7mh1yyyhgu','cmibvu34k004igz7mh4bsqrsz','cmibvu3480048gz7mz6l0fub2','2023-12-19 13:39:01.530',3,3,'cmibvu3480048gz7mz6l0fub2','PLAYED','2025-11-23 15:38:12.679','2025-11-23 15:38:12.679'),('cmibvu3pk00lzgz7mszg4ekn8','cmibvu3l900itgz7mappo5yd4','cmibvu35k005egz7mjmt18fbk','cmibvu36c005ygz7m9j8cs5xr','2023-12-17 20:56:42.840',2,1,'cmibvu35k005egz7mjmt18fbk','PLAYED','2025-11-23 15:38:12.681','2025-11-23 15:38:12.681'),('cmibvu3pm00m1gz7mzmeqkir4','cmibvu3l900itgz7mappo5yd4','cmibvu35k005egz7mjmt18fbk','cmibvu36c005ygz7m9j8cs5xr','2023-11-12 20:17:16.470',3,0,'cmibvu36c005ygz7m9j8cs5xr','PLAYED','2025-11-23 15:38:12.683','2025-11-23 15:38:12.683'),('cmibvu3po00m3gz7m98ckwovs','cmibvu3l900itgz7mappo5yd4','cmibvu353004zgz7mlhf1ybj7','cmibvu36j0063gz7mk1gt2mta','2023-12-29 06:11:04.639',3,1,'cmibvu353004zgz7mlhf1ybj7','PLAYED','2025-11-23 15:38:12.685','2025-11-23 15:38:12.685'),('cmibvu3pq00m5gz7moxtks2c0','cmibvu3ma00jdgz7m1ec077vo','cmibvu36q006agz7mrqv6k1hr','cmibvu36x006fgz7meleaqrw6','2023-12-09 18:34:49.768',1,3,'cmibvu36x006fgz7meleaqrw6','PLAYED','2025-11-23 15:38:12.686','2025-11-23 15:38:12.686'),('cmibvu3ps00m7gz7mcujrf8jf','cmibvu3ma00jdgz7m1ec077vo','cmibvu372006kgz7m2haaxtz9','cmibvu37c006ugz7mrbk10060','2023-12-28 14:57:07.202',0,1,'cmibvu37c006ugz7mrbk10060','PLAYED','2025-11-23 15:38:12.688','2025-11-23 15:38:12.688'),('cmibvu3pt00m9gz7mzvgqpmp4','cmibvu3ma00jdgz7m1ec077vo','cmibvu372006kgz7m2haaxtz9','cmibvu37c006ugz7mrbk10060','2023-11-03 22:30:23.999',2,3,'cmibvu37c006ugz7mrbk10060','PLAYED','2025-11-23 15:38:12.690','2025-11-23 15:38:12.690'),('cmibvu3pv00mbgz7m2k468mr6','cmibvu3n400jxgz7mu36yb1vg','cmibvu388007vgz7mkdo04dte','cmibvu38m008agz7mrd1qtwae','2023-11-16 03:13:12.214',2,2,'cmibvu38m008agz7mrd1qtwae','PLAYED','2025-11-23 15:38:12.691','2025-11-23 15:38:12.691'),('cmibvu3pw00mdgz7m33vfmf73','cmibvu3n400jxgz7mu36yb1vg','cmibvu38u008kgz7mbiu9uqej','cmibvu38c0080gz7micvwqq5e','2023-12-25 14:20:47.652',0,1,'cmibvu38u008kgz7mbiu9uqej','PLAYED','2025-11-23 15:38:12.692','2025-11-23 15:38:12.692'),('cmibvu3py00mfgz7mvzqw0mia','cmibvu3n400jxgz7mu36yb1vg','cmibvu38m008agz7mrd1qtwae','cmibvu38q008fgz7m23sl42p8','2023-12-31 04:33:24.345',0,0,'cmibvu38m008agz7mrd1qtwae','PLAYED','2025-11-23 15:38:12.694','2025-11-23 15:38:12.694'),('cmibvu3q000mhgz7m1ns0622h','cmibvu3nq00kfgz7m5h1bobj8','cmibvu39e0096gz7mzbrsz8gd','cmibvu3a1009qgz7mpbb5ynw4','2023-12-18 05:01:48.612',2,1,'cmibvu39e0096gz7mzbrsz8gd','PLAYED','2025-11-23 15:38:12.696','2025-11-23 15:38:12.696'),('cmibvu3q200mjgz7mg0wy57q3','cmibvu3nq00kfgz7m5h1bobj8','cmibvu3ao00aagz7m04w3fnxq','cmibvu3a1009qgz7mpbb5ynw4','2023-11-20 22:31:53.157',1,3,'cmibvu3ao00aagz7m04w3fnxq','PLAYED','2025-11-23 15:38:12.698','2025-11-23 15:38:12.698'),('cmibvu3q300mlgz7m0ttgh4hh','cmibvu3nq00kfgz7m5h1bobj8','cmibvu3a1009qgz7mpbb5ynw4','cmibvu3aj00a5gz7m8o0g09se','2023-11-25 05:45:36.052',0,0,'cmibvu3aj00a5gz7m8o0g09se','PLAYED','2025-11-23 15:38:12.700','2025-11-23 15:38:12.700'),('cmibvu3vt00r8gz7mt61e18x4','cmibvu3q700mogz7m5uvh33c3','cmibvu2y5000bgz7mti9dvc58','cmibvu2xx0006gz7mv9zrcymp','2022-11-29 17:16:21.984',1,1,'cmibvu2xx0006gz7mv9zrcymp','PLAYED','2025-11-23 15:38:12.905','2025-11-23 15:38:12.905'),('cmibvu3vu00ragz7m0raoqrrm','cmibvu3q700mogz7m5uvh33c3','cmibvu2yd000ggz7m9i7nfsfm','cmibvu2zm0015gz7mjfdwearb','2022-12-15 11:21:23.802',1,1,'cmibvu2zm0015gz7mjfdwearb','PLAYED','2025-11-23 15:38:12.907','2025-11-23 15:38:12.907'),('cmibvu3vw00rcgz7m0q5fquzt','cmibvu3q700mogz7m5uvh33c3','cmibvu2z3000vgz7mswkprtg3','cmibvu2yk000lgz7mzpume44l','2022-11-09 19:46:04.517',1,0,'cmibvu2yk000lgz7mzpume44l','PLAYED','2025-11-23 15:38:12.908','2025-11-23 15:38:12.908'),('cmibvu3vx00regz7moey5b3zh','cmibvu3qs00n6gz7mo5iqu7ap','cmibvu314001wgz7m6uqewand','cmibvu30x001rgz7m76raqbrk','2022-12-15 11:21:26.723',0,2,'cmibvu314001wgz7m6uqewand','PLAYED','2025-11-23 15:38:12.910','2025-11-23 15:38:12.910'),('cmibvu3vz00rggz7mjpq0826t','cmibvu3qs00n6gz7mo5iqu7ap','cmibvu303001cgz7m6oel93va','cmibvu31d0021gz7m7vtftzi4','2022-11-24 13:38:08.475',0,3,'cmibvu31d0021gz7m7vtftzi4','PLAYED','2025-11-23 15:38:12.911','2025-11-23 15:38:12.911'),('cmibvu3w000rigz7m6bui4dsa','cmibvu3qs00n6gz7mo5iqu7ap','cmibvu30e001hgz7mna4s4zw7','cmibvu31v002bgz7m63pip6pq','2022-11-29 17:54:45.981',2,1,'cmibvu31v002bgz7m63pip6pq','PLAYED','2025-11-23 15:38:12.912','2025-11-23 15:38:12.912'),('cmibvu3w200rkgz7mhvmhfhy6','cmibvu3rf00nogz7mg6lgno6d','cmibvu33c003hgz7muyhkqoqv','cmibvu32o002xgz7mofmvu4ve','2022-11-14 07:37:23.643',3,0,'cmibvu32o002xgz7mofmvu4ve','PLAYED','2025-11-23 15:38:12.914','2025-11-23 15:38:12.914'),('cmibvu3w400rmgz7mdn7zz5p8','cmibvu3rf00nogz7mg6lgno6d','cmibvu33c003hgz7muyhkqoqv','cmibvu32o002xgz7mofmvu4ve','2022-12-05 09:59:49.777',0,1,'cmibvu32o002xgz7mofmvu4ve','PLAYED','2025-11-23 15:38:12.916','2025-11-23 15:38:12.916'),('cmibvu3w500rogz7mf8ebhmsz','cmibvu3rf00nogz7mg6lgno6d','cmibvu32i002sgz7md9rvjwav','cmibvu33c003hgz7muyhkqoqv','2022-11-28 15:03:19.391',0,0,'cmibvu33c003hgz7muyhkqoqv','PLAYED','2025-11-23 15:38:12.917','2025-11-23 15:38:12.917'),('cmibvu3w600rqgz7mj4nn1ao8','cmibvu3rz00o6gz7mgxstp877','cmibvu33k003ogz7m4woddt3w','cmibvu3480048gz7mz6l0fub2','2022-12-12 20:13:40.641',0,1,'cmibvu33k003ogz7m4woddt3w','PLAYED','2025-11-23 15:38:12.919','2025-11-23 15:38:12.919'),('cmibvu3w800rsgz7md7qdtvwr','cmibvu3rz00o6gz7mgxstp877','cmibvu33q003tgz7muoobynci','cmibvu34p004ngz7mmpfo0ykp','2022-11-21 18:57:08.319',3,0,'cmibvu34p004ngz7mmpfo0ykp','PLAYED','2025-11-23 15:38:12.920','2025-11-23 15:38:12.920'),('cmibvu3wa00rugz7monbmlyf9','cmibvu3rz00o6gz7mgxstp877','cmibvu33q003tgz7muoobynci','cmibvu33w003ygz7mmtzzuzxp','2022-12-29 01:10:48.757',3,0,'cmibvu33w003ygz7mmtzzuzxp','PLAYED','2025-11-23 15:38:12.922','2025-11-23 15:38:12.922'),('cmibvu3wb00rwgz7m3y0bzvf8','cmibvu3sn00oqgz7mwrfqnbyu','cmibvu35e0059gz7mjia8ocyg','cmibvu3580054gz7mzgql3jh6','2022-12-27 03:28:42.593',0,2,'cmibvu3580054gz7mzgql3jh6','PLAYED','2025-11-23 15:38:12.924','2025-11-23 15:38:12.924'),('cmibvu3wd00rygz7mmn4h6p24','cmibvu3sn00oqgz7mwrfqnbyu','cmibvu35q005jgz7mi1m4wlcz','cmibvu3580054gz7mzgql3jh6','2022-12-15 07:57:07.533',2,0,'cmibvu35q005jgz7mi1m4wlcz','PLAYED','2025-11-23 15:38:12.925','2025-11-23 15:38:12.925'),('cmibvu3we00s0gz7m5qvkc2kw','cmibvu3sn00oqgz7mwrfqnbyu','cmibvu36c005ygz7m9j8cs5xr','cmibvu36j0063gz7mk1gt2mta','2022-12-29 02:39:17.738',3,0,'cmibvu36j0063gz7mk1gt2mta','PLAYED','2025-11-23 15:38:12.927','2025-11-23 15:38:12.927'),('cmibvu3wg00s2gz7mrasvzhja','cmibvu3ta00pagz7m2qnwec1c','cmibvu37c006ugz7mrbk10060','cmibvu37p0079gz7mmww4qnzg','2022-11-30 02:52:15.438',3,3,'cmibvu37p0079gz7mmww4qnzg','PLAYED','2025-11-23 15:38:12.928','2025-11-23 15:38:12.928'),('cmibvu3wh00s4gz7mfyzl3h7m','cmibvu3ta00pagz7m2qnwec1c','cmibvu36q006agz7mrqv6k1hr','cmibvu37l0074gz7mtpqc8c6l','2022-11-28 14:15:46.101',3,2,'cmibvu37l0074gz7mtpqc8c6l','PLAYED','2025-11-23 15:38:12.930','2025-11-23 15:38:12.930'),('cmibvu3wj00s6gz7mouppfcta','cmibvu3ta00pagz7m2qnwec1c','cmibvu36x006fgz7meleaqrw6','cmibvu372006kgz7m2haaxtz9','2022-11-22 20:19:14.650',1,0,'cmibvu372006kgz7m2haaxtz9','PLAYED','2025-11-23 15:38:12.931','2025-11-23 15:38:12.931'),('cmibvu3wl00s8gz7m0kawslhw','cmibvu3u000pugz7mqgmz9c5s','cmibvu37z007lgz7mqbjrmb27','cmibvu384007qgz7m87dyt54k','2022-11-22 16:07:45.840',2,3,'cmibvu37z007lgz7mqbjrmb27','PLAYED','2025-11-23 15:38:12.933','2025-11-23 15:38:12.933'),('cmibvu3wn00sagz7m1or6m49w','cmibvu3u000pugz7mqgmz9c5s','cmibvu388007vgz7mkdo04dte','cmibvu37z007lgz7mqbjrmb27','2022-12-22 16:38:19.946',2,3,'cmibvu37z007lgz7mqbjrmb27','PLAYED','2025-11-23 15:38:12.935','2025-11-23 15:38:12.935'),('cmibvu3wo00scgz7mj5y14xpj','cmibvu3u000pugz7mqgmz9c5s','cmibvu38q008fgz7m23sl42p8','cmibvu388007vgz7mkdo04dte','2022-11-15 18:33:09.914',3,1,'cmibvu38q008fgz7m23sl42p8','PLAYED','2025-11-23 15:38:12.936','2025-11-23 15:38:12.936'),('cmibvu3wp00segz7m97iw8h2n','cmibvu3um00qcgz7mgizzzt6p','cmibvu391008rgz7m8ys34zbw','cmibvu3ay00akgz7mogqs968t','2022-12-10 15:51:14.682',3,1,'cmibvu3ay00akgz7mogqs968t','PLAYED','2025-11-23 15:38:12.938','2025-11-23 15:38:12.938'),('cmibvu3wr00sggz7mszd67d03','cmibvu3um00qcgz7mgizzzt6p','cmibvu391008rgz7m8ys34zbw','cmibvu3ay00akgz7mogqs968t','2022-12-16 18:11:46.887',0,2,'cmibvu3ay00akgz7mogqs968t','PLAYED','2025-11-23 15:38:12.939','2025-11-23 15:38:12.939'),('cmibvu3ws00sigz7myw44wszb','cmibvu3um00qcgz7mgizzzt6p','cmibvu39e0096gz7mzbrsz8gd','cmibvu391008rgz7m8ys34zbw','2022-11-25 08:06:45.997',2,2,'cmibvu39e0096gz7mzbrsz8gd','PLAYED','2025-11-23 15:38:12.941','2025-11-23 15:38:12.941'),('cmibvu43i00x5gz7mb2ihtzyl','cmibvu3wv00slgz7mmjdvgpis','cmibvu2yd000ggz7m9i7nfsfm','cmibvu2y5000bgz7mti9dvc58','2021-11-01 16:53:49.106',2,2,'cmibvu2yd000ggz7m9i7nfsfm','PLAYED','2025-11-23 15:38:13.183','2025-11-23 15:38:13.183'),('cmibvu43k00x7gz7mzos1czpc','cmibvu3wv00slgz7mmjdvgpis','cmibvu2xx0006gz7mv9zrcymp','cmibvu2ys000qgz7mf2syi88f','2021-12-23 23:46:37.190',0,2,'cmibvu2ys000qgz7mf2syi88f','PLAYED','2025-11-23 15:38:13.184','2025-11-23 15:38:13.184'),('cmibvu43l00x9gz7m8lbptbis','cmibvu3wv00slgz7mmjdvgpis','cmibvu2ys000qgz7mf2syi88f','cmibvu2xx0006gz7mv9zrcymp','2021-12-01 07:03:51.949',1,3,'cmibvu2ys000qgz7mf2syi88f','PLAYED','2025-11-23 15:38:13.186','2025-11-23 15:38:13.186'),('cmibvu43n00xbgz7m1t49qhni','cmibvu3y200t3gz7mpdzoq0w8','cmibvu31m0026gz7mr4a29vht','cmibvu314001wgz7m6uqewand','2021-12-13 08:39:10.741',0,2,'cmibvu31m0026gz7mr4a29vht','PLAYED','2025-11-23 15:38:13.187','2025-11-23 15:38:13.187'),('cmibvu43p00xdgz7m5yx8ci2a','cmibvu3y200t3gz7mpdzoq0w8','cmibvu31d0021gz7m7vtftzi4','cmibvu30p001mgz7m1dzrd143','2021-11-17 14:36:01.559',3,0,'cmibvu30p001mgz7m1dzrd143','PLAYED','2025-11-23 15:38:13.189','2025-11-23 15:38:13.189'),('cmibvu43q00xfgz7m2ovdyrvx','cmibvu3y200t3gz7mpdzoq0w8','cmibvu30x001rgz7m76raqbrk','cmibvu31m0026gz7mr4a29vht','2021-12-11 18:15:43.833',1,3,'cmibvu31m0026gz7mr4a29vht','PLAYED','2025-11-23 15:38:13.190','2025-11-23 15:38:13.190'),('cmibvu43s00xhgz7mbwpjqpaw','cmibvu3yn00tlgz7mu1roa1ew','cmibvu326002igz7mr4efrwm8','cmibvu33c003hgz7muyhkqoqv','2021-11-02 05:37:11.224',1,1,'cmibvu33c003hgz7muyhkqoqv','PLAYED','2025-11-23 15:38:13.192','2025-11-23 15:38:13.192'),('cmibvu43u00xjgz7mptaem7ml','cmibvu3yn00tlgz7mu1roa1ew','cmibvu32i002sgz7md9rvjwav','cmibvu3300037gz7mbw67y5tj','2021-11-17 05:21:09.108',3,2,'cmibvu3300037gz7mbw67y5tj','PLAYED','2025-11-23 15:38:13.194','2025-11-23 15:38:13.194'),('cmibvu43v00xlgz7m27i70zie','cmibvu3yn00tlgz7mu1roa1ew','cmibvu32t0032gz7mwxp64rx3','cmibvu33c003hgz7muyhkqoqv','2021-12-13 16:38:31.220',3,1,'cmibvu32t0032gz7mwxp64rx3','PLAYED','2025-11-23 15:38:13.196','2025-11-23 15:38:13.196'),('cmibvu43x00xngz7m0kiapu3z','cmibvu3za00u3gz7mf954da14','cmibvu33q003tgz7muoobynci','cmibvu3420043gz7mg1whb8zj','2021-12-13 14:02:43.167',2,1,'cmibvu3420043gz7mg1whb8zj','PLAYED','2025-11-23 15:38:13.197','2025-11-23 15:38:13.197'),('cmibvu43z00xpgz7mnusm3bpi','cmibvu3za00u3gz7mf954da14','cmibvu34e004dgz7mad7pju7y','cmibvu3420043gz7mg1whb8zj','2021-11-23 00:14:26.383',1,0,'cmibvu3420043gz7mg1whb8zj','PLAYED','2025-11-23 15:38:13.199','2025-11-23 15:38:13.199'),('cmibvu44000xrgz7mrcgej2qp','cmibvu3za00u3gz7mf954da14','cmibvu3480048gz7mz6l0fub2','cmibvu34p004ngz7mmpfo0ykp','2021-12-02 10:47:26.491',2,1,'cmibvu34p004ngz7mmpfo0ykp','PLAYED','2025-11-23 15:38:13.201','2025-11-23 15:38:13.201'),('cmibvu44200xtgz7mv0hdf1s8','cmibvu3zx00ungz7mkl689a9o','cmibvu353004zgz7mlhf1ybj7','cmibvu3580054gz7mzgql3jh6','2021-11-22 21:08:57.648',1,3,'cmibvu353004zgz7mlhf1ybj7','PLAYED','2025-11-23 15:38:13.203','2025-11-23 15:38:13.203'),('cmibvu44400xvgz7mly4z99dw','cmibvu3zx00ungz7mkl689a9o','cmibvu366005tgz7mqrlyc502','cmibvu35e0059gz7mjia8ocyg','2021-11-22 22:45:53.430',1,1,'cmibvu366005tgz7mqrlyc502','PLAYED','2025-11-23 15:38:13.205','2025-11-23 15:38:13.205'),('cmibvu44600xxgz7mwbymfmjg','cmibvu3zx00ungz7mkl689a9o','cmibvu36c005ygz7m9j8cs5xr','cmibvu36j0063gz7mk1gt2mta','2021-11-16 09:22:56.566',3,2,'cmibvu36c005ygz7m9j8cs5xr','PLAYED','2025-11-23 15:38:13.206','2025-11-23 15:38:13.206'),('cmibvu44800xzgz7mfh2vddkm','cmibvu40j00v7gz7mftulk1lj','cmibvu37c006ugz7mrbk10060','cmibvu372006kgz7m2haaxtz9','2021-11-03 02:33:29.139',3,2,'cmibvu37c006ugz7mrbk10060','PLAYED','2025-11-23 15:38:13.209','2025-11-23 15:38:13.209'),('cmibvu44a00y1gz7ms9knih7c','cmibvu40j00v7gz7mftulk1lj','cmibvu36x006fgz7meleaqrw6','cmibvu36q006agz7mrqv6k1hr','2021-11-22 19:17:23.998',1,2,'cmibvu36x006fgz7meleaqrw6','PLAYED','2025-11-23 15:38:13.210','2025-11-23 15:38:13.210'),('cmibvu44c00y3gz7myjxuow40','cmibvu40j00v7gz7mftulk1lj','cmibvu37l0074gz7mtpqc8c6l','cmibvu36q006agz7mrqv6k1hr','2021-12-09 13:47:33.676',1,1,'cmibvu37l0074gz7mtpqc8c6l','PLAYED','2025-11-23 15:38:13.212','2025-11-23 15:38:13.212'),('cmibvu44d00y5gz7mxcyd5p55','cmibvu41r00vrgz7mjmx6uzi8','cmibvu37z007lgz7mqbjrmb27','cmibvu388007vgz7mkdo04dte','2021-11-06 07:08:54.494',2,3,'cmibvu37z007lgz7mqbjrmb27','PLAYED','2025-11-23 15:38:13.214','2025-11-23 15:38:13.214'),('cmibvu44f00y7gz7mc3ab5h51','cmibvu41r00vrgz7mjmx6uzi8','cmibvu38h0085gz7mlx24b36c','cmibvu388007vgz7mkdo04dte','2021-12-17 01:49:26.110',2,0,'cmibvu388007vgz7mkdo04dte','PLAYED','2025-11-23 15:38:13.215','2025-11-23 15:38:13.215'),('cmibvu44g00y9gz7m68ywa2b1','cmibvu41r00vrgz7mjmx6uzi8','cmibvu38m008agz7mrd1qtwae','cmibvu38u008kgz7mbiu9uqej','2021-11-24 11:10:16.324',2,0,'cmibvu38m008agz7mrd1qtwae','PLAYED','2025-11-23 15:38:13.217','2025-11-23 15:38:13.217'),('cmibvu44i00ybgz7mrso1aoha','cmibvu42j00w9gz7m14s6h2xq','cmibvu3ao00aagz7m04w3fnxq','cmibvu391008rgz7m8ys34zbw','2021-11-05 20:01:26.014',0,2,'cmibvu3ao00aagz7m04w3fnxq','PLAYED','2025-11-23 15:38:13.218','2025-11-23 15:38:13.218'),('cmibvu44j00ydgz7ma1nnlmnn','cmibvu42j00w9gz7m14s6h2xq','cmibvu395008wgz7m1f14g1ul','cmibvu39o009ggz7mx3nwghle','2021-11-10 04:09:56.171',1,3,'cmibvu395008wgz7m1f14g1ul','PLAYED','2025-11-23 15:38:13.220','2025-11-23 15:38:13.220'),('cmibvu44l00yfgz7mfk77elqe','cmibvu42j00w9gz7m14s6h2xq','cmibvu3ao00aagz7m04w3fnxq','cmibvu3a7009vgz7m0owqsna1','2021-11-14 03:49:06.958',0,2,'cmibvu3a7009vgz7m0owqsna1','PLAYED','2025-11-23 15:38:13.221','2025-11-23 15:38:13.221'),('cmibvu44r00yhgz7m8d2t4vbs','cmibvu2xq0003gz7mqbiwp9ag','cmibvu2yd000ggz7m9i7nfsfm','cmibvu2y5000bgz7mti9dvc58','2025-12-09 10:59:05.503',0,3,'cmibvu2yd000ggz7m9i7nfsfm','PLAYED','2025-11-23 15:38:13.227','2025-11-23 15:38:13.227'),('cmibvu44t00yjgz7muyn8vwxh','cmibvu2xq0003gz7mqbiwp9ag','cmibvu2z3000vgz7mswkprtg3','cmibvu2yk000lgz7mzpume44l','2025-12-05 22:52:42.108',1,3,'cmibvu2z3000vgz7mswkprtg3','PLAYED','2025-11-23 15:38:13.229','2025-11-23 15:38:13.229'),('cmibvu44v00ylgz7mtdkup2vv','cmibvu2xq0003gz7mqbiwp9ag','cmibvu2z3000vgz7mswkprtg3','cmibvu2yk000lgz7mzpume44l','2025-12-13 22:08:41.641',0,0,'cmibvu2yk000lgz7mzpume44l','PLAYED','2025-11-23 15:38:13.231','2025-11-23 15:38:13.231'),('cmibvu44w00yngz7myybdz0jw','cmibvu2zt0019gz7mqtdw0os0','cmibvu31m0026gz7mr4a29vht','cmibvu31d0021gz7m7vtftzi4','2025-12-21 04:28:07.969',3,0,'cmibvu31d0021gz7m7vtftzi4','PLAYED','2025-11-23 15:38:13.232','2025-11-23 15:38:13.232'),('cmibvu44y00ypgz7m6ebytze4','cmibvu2zt0019gz7mqtdw0os0','cmibvu303001cgz7m6oel93va','cmibvu30x001rgz7m76raqbrk','2025-11-12 13:43:25.191',1,3,'cmibvu30x001rgz7m76raqbrk','PLAYED','2025-11-23 15:38:13.234','2025-11-23 15:38:13.234'),('cmibvu44z00yrgz7mvqiahkbu','cmibvu2zt0019gz7mqtdw0os0','cmibvu31m0026gz7mr4a29vht','cmibvu303001cgz7m6oel93va','2025-12-26 07:48:50.592',1,0,'cmibvu31m0026gz7mr4a29vht','PLAYED','2025-11-23 15:38:13.236','2025-11-23 15:38:13.236'),('cmibvu45100ytgz7m4lkx57ux','cmibvu320002fgz7moj17dz1c','cmibvu326002igz7mr4efrwm8','cmibvu3300037gz7mbw67y5tj','2025-12-04 06:11:28.836',0,2,'cmibvu3300037gz7mbw67y5tj','PLAYED','2025-11-23 15:38:13.237','2025-11-23 15:38:13.237'),('cmibvu45300yvgz7m68xbt6f9','cmibvu320002fgz7moj17dz1c','cmibvu32o002xgz7mofmvu4ve','cmibvu326002igz7mr4efrwm8','2025-12-08 17:27:25.041',2,2,'cmibvu326002igz7mr4efrwm8','PLAYED','2025-11-23 15:38:13.240','2025-11-23 15:38:13.240'),('cmibvu45500yxgz7mwwymhdcg','cmibvu320002fgz7moj17dz1c','cmibvu32i002sgz7md9rvjwav','cmibvu32c002ngz7mctqwi3la','2025-11-24 09:12:59.665',1,2,'cmibvu32i002sgz7md9rvjwav','PLAYED','2025-11-23 15:38:13.241','2025-11-23 15:38:13.241'),('cmibvu45700yzgz7mmkw9jfii','cmibvu33g003lgz7m8d5n153b','cmibvu34p004ngz7mmpfo0ykp','cmibvu33k003ogz7m4woddt3w','2025-11-20 17:05:19.597',2,0,'cmibvu33k003ogz7m4woddt3w','PLAYED','2025-11-23 15:38:13.243','2025-11-23 15:38:13.243'),('cmibvu45800z1gz7mx1en0xxj','cmibvu33g003lgz7m8d5n153b','cmibvu3480048gz7mz6l0fub2','cmibvu34k004igz7mh4bsqrsz','2025-11-07 06:19:23.484',1,3,'cmibvu34k004igz7mh4bsqrsz','PLAYED','2025-11-23 15:38:13.245','2025-11-23 15:38:13.245'),('cmibvu45a00z3gz7mlervfjoi','cmibvu33g003lgz7m8d5n153b','cmibvu3480048gz7mz6l0fub2','cmibvu34e004dgz7mad7pju7y','2025-12-25 15:55:13.393',3,0,'cmibvu34e004dgz7mad7pju7y','PLAYED','2025-11-23 15:38:13.247','2025-11-23 15:38:13.247'),('cmibvu45c00z5gz7mqz7gmnp9','cmibvu34z004wgz7mejfobg9r','cmibvu35e0059gz7mjia8ocyg','cmibvu366005tgz7mqrlyc502','2025-12-09 11:38:40.789',2,1,'cmibvu35e0059gz7mjia8ocyg','PLAYED','2025-11-23 15:38:13.248','2025-11-23 15:38:13.248'),('cmibvu45d00z7gz7mgjigoruz','cmibvu34z004wgz7mejfobg9r','cmibvu36c005ygz7m9j8cs5xr','cmibvu353004zgz7mlhf1ybj7','2025-12-09 14:53:21.308',1,1,'cmibvu353004zgz7mlhf1ybj7','PLAYED','2025-11-23 15:38:13.250','2025-11-23 15:38:13.250'),('cmibvu45f00z9gz7mhmwq5co9','cmibvu34z004wgz7mejfobg9r','cmibvu366005tgz7mqrlyc502','cmibvu35q005jgz7mi1m4wlcz','2025-12-25 19:13:57.508',1,3,'cmibvu366005tgz7mqrlyc502','PLAYED','2025-11-23 15:38:13.251','2025-11-23 15:38:13.251'),('cmibvu45h00zbgz7mxcfqitfb','cmibvu36m0067gz7mdbn1sihj','cmibvu378006pgz7mh104fdxb','cmibvu36x006fgz7meleaqrw6','2025-12-02 09:07:37.927',2,2,'cmibvu36x006fgz7meleaqrw6','PLAYED','2025-11-23 15:38:13.253','2025-11-23 15:38:13.253'),('cmibvu45j00zdgz7mj8quqqw8','cmibvu36m0067gz7mdbn1sihj','cmibvu378006pgz7mh104fdxb','cmibvu37g006zgz7mmusf1bli','2025-11-02 01:16:54.674',1,1,'cmibvu37g006zgz7mmusf1bli','PLAYED','2025-11-23 15:38:13.255','2025-11-23 15:38:13.255'),('cmibvu45k00zfgz7m2q3aeokk','cmibvu36m0067gz7mdbn1sihj','cmibvu37u007egz7maeu8b0av','cmibvu37c006ugz7mrbk10060','2025-12-17 00:28:07.355',3,1,'cmibvu37u007egz7maeu8b0av','PLAYED','2025-11-23 15:38:13.257','2025-11-23 15:38:13.257'),('cmibvu45m00zhgz7mlwokmx24','cmibvu37x007igz7mterb4iui','cmibvu38q008fgz7m23sl42p8','cmibvu38c0080gz7micvwqq5e','2025-12-26 13:23:58.973',0,0,'cmibvu38c0080gz7micvwqq5e','PLAYED','2025-11-23 15:38:13.258','2025-11-23 15:38:13.258'),('cmibvu45o00zjgz7m3u0r67jg','cmibvu37x007igz7mterb4iui','cmibvu38u008kgz7mbiu9uqej','cmibvu37z007lgz7mqbjrmb27','2025-11-24 19:03:57.759',0,1,'cmibvu37z007lgz7mqbjrmb27','PLAYED','2025-11-23 15:38:13.260','2025-11-23 15:38:13.260'),('cmibvu45p00zlgz7m72pd7syi','cmibvu37x007igz7mterb4iui','cmibvu384007qgz7m87dyt54k','cmibvu38u008kgz7mbiu9uqej','2025-11-29 03:43:48.915',1,0,'cmibvu38u008kgz7mbiu9uqej','PLAYED','2025-11-23 15:38:13.262','2025-11-23 15:38:13.262'),('cmibvu45r00zngz7may4vlnsc','cmibvu38x008ogz7mbejmhulo','cmibvu3at00afgz7mjoabttef','cmibvu39t009lgz7mi4hiw0v9','2025-12-08 11:57:06.123',3,1,'cmibvu3at00afgz7mjoabttef','PLAYED','2025-11-23 15:38:13.263','2025-11-23 15:38:13.263'),('cmibvu45s00zpgz7mekziw08h','cmibvu38x008ogz7mbejmhulo','cmibvu3ay00akgz7mogqs968t','cmibvu3a7009vgz7m0owqsna1','2025-11-16 01:48:15.290',1,0,'cmibvu3a7009vgz7m0owqsna1','PLAYED','2025-11-23 15:38:13.265','2025-11-23 15:38:13.265'),('cmibvu45u00zrgz7mpea2k8xp','cmibvu38x008ogz7mbejmhulo','cmibvu391008rgz7m8ys34zbw','cmibvu39e0096gz7mzbrsz8gd','2025-12-22 20:37:51.551',2,0,'cmibvu39e0096gz7mzbrsz8gd','PLAYED','2025-11-23 15:38:13.266','2025-11-23 15:38:13.266'),('cmibvu45w00ztgz7mtf7qd6n6','cmibvu3b800augz7makttaell','cmibvu2y5000bgz7mti9dvc58','cmibvu2xx0006gz7mv9zrcymp','2025-12-18 17:46:05.478',0,3,'cmibvu2xx0006gz7mv9zrcymp','PLAYED','2025-11-23 15:38:13.269','2025-11-23 15:38:13.269'),('cmibvu45y00zvgz7milzayz0y','cmibvu3b800augz7makttaell','cmibvu2ys000qgz7mf2syi88f','cmibvu2yk000lgz7mzpume44l','2025-11-15 04:22:19.179',2,3,'cmibvu2yk000lgz7mzpume44l','PLAYED','2025-11-23 15:38:13.270','2025-11-23 15:38:13.270'),('cmibvu46000zxgz7mhse29ge7','cmibvu3b800augz7makttaell','cmibvu2yd000ggz7m9i7nfsfm','cmibvu2ys000qgz7mf2syi88f','2025-11-14 21:11:42.306',1,0,'cmibvu2yd000ggz7m9i7nfsfm','PLAYED','2025-11-23 15:38:13.273','2025-11-23 15:38:13.273'),('cmibvu46200zzgz7ma2a1u1is','cmibvu3bz00bcgz7mn5t0plzf','cmibvu30e001hgz7mna4s4zw7','cmibvu303001cgz7m6oel93va','2025-12-28 12:48:40.312',2,2,'cmibvu303001cgz7m6oel93va','PLAYED','2025-11-23 15:38:13.275','2025-11-23 15:38:13.275'),('cmibvu4640101gz7m35cmkwqj','cmibvu3bz00bcgz7mn5t0plzf','cmibvu314001wgz7m6uqewand','cmibvu30x001rgz7m76raqbrk','2025-12-25 05:28:04.997',2,1,'cmibvu30x001rgz7m76raqbrk','PLAYED','2025-11-23 15:38:13.276','2025-11-23 15:38:13.276'),('cmibvu4660103gz7mek5l7esn','cmibvu3bz00bcgz7mn5t0plzf','cmibvu314001wgz7m6uqewand','cmibvu30x001rgz7m76raqbrk','2025-11-22 22:22:03.755',0,1,'cmibvu30x001rgz7m76raqbrk','PLAYED','2025-11-23 15:38:13.279','2025-11-23 15:38:13.279'),('cmibvu4690105gz7m24y07neh','cmibvu3ci00bugz7mjkpvc0uo','cmibvu32i002sgz7md9rvjwav','cmibvu336003cgz7my419e328','2025-11-07 22:55:58.321',2,1,'cmibvu32i002sgz7md9rvjwav','PLAYED','2025-11-23 15:38:13.281','2025-11-23 15:38:13.281'),('cmibvu46a0107gz7m1jwehh49','cmibvu3ci00bugz7mjkpvc0uo','cmibvu3300037gz7mbw67y5tj','cmibvu32i002sgz7md9rvjwav','2025-11-10 22:21:01.472',0,2,'cmibvu32i002sgz7md9rvjwav','PLAYED','2025-11-23 15:38:13.283','2025-11-23 15:38:13.283'),('cmibvu46d0109gz7m57ayu2pa','cmibvu3ci00bugz7mjkpvc0uo','cmibvu32o002xgz7mofmvu4ve','cmibvu3300037gz7mbw67y5tj','2025-12-27 03:50:15.883',0,2,'cmibvu32o002xgz7mofmvu4ve','PLAYED','2025-11-23 15:38:13.285','2025-11-23 15:38:13.285'),('cmibvu46f010bgz7mdrs6wtd1','cmibvu3d500ccgz7mscqfj9pa','cmibvu33k003ogz7m4woddt3w','cmibvu3420043gz7mg1whb8zj','2025-12-23 04:06:11.869',1,1,'cmibvu33k003ogz7m4woddt3w','PLAYED','2025-11-23 15:38:13.287','2025-11-23 15:38:13.287'),('cmibvu46h010dgz7mhdt5ogfz','cmibvu3d500ccgz7mscqfj9pa','cmibvu34e004dgz7mad7pju7y','cmibvu34v004sgz7ms57afh63','2025-11-19 14:39:48.674',3,0,'cmibvu34v004sgz7ms57afh63','PLAYED','2025-11-23 15:38:13.290','2025-11-23 15:38:13.290'),('cmibvu46j010fgz7m6ycqtbp0','cmibvu3d500ccgz7mscqfj9pa','cmibvu3420043gz7mg1whb8zj','cmibvu33q003tgz7muoobynci','2025-12-02 01:44:42.123',0,2,'cmibvu3420043gz7mg1whb8zj','PLAYED','2025-11-23 15:38:13.291','2025-11-23 15:38:13.291'),('cmibvu46k010hgz7m7ciu0tfj','cmibvu3dv00cwgz7ma3qa6yxw','cmibvu3580054gz7mzgql3jh6','cmibvu366005tgz7mqrlyc502','2025-11-13 11:57:46.453',3,0,'cmibvu3580054gz7mzgql3jh6','PLAYED','2025-11-23 15:38:13.293','2025-11-23 15:38:13.293'),('cmibvu46m010jgz7mzzf5juh6','cmibvu3dv00cwgz7ma3qa6yxw','cmibvu35x005ogz7m8vxu0zh1','cmibvu35e0059gz7mjia8ocyg','2025-11-15 00:41:30.578',1,3,'cmibvu35e0059gz7mjia8ocyg','PLAYED','2025-11-23 15:38:13.294','2025-11-23 15:38:13.294'),('cmibvu46n010lgz7mj7jho0l8','cmibvu3dv00cwgz7ma3qa6yxw','cmibvu35x005ogz7m8vxu0zh1','cmibvu366005tgz7mqrlyc502','2025-12-21 09:46:51.022',0,3,'cmibvu35x005ogz7m8vxu0zh1','PLAYED','2025-11-23 15:38:13.296','2025-11-23 15:38:13.296'),('cmibvu46p010ngz7mk9yjllw8','cmibvu3el00dggz7mzfoieahs','cmibvu372006kgz7m2haaxtz9','cmibvu37u007egz7maeu8b0av','2025-12-23 10:09:07.940',1,0,'cmibvu372006kgz7m2haaxtz9','PLAYED','2025-11-23 15:38:13.298','2025-11-23 15:38:13.298'),('cmibvu46r010pgz7mw01plpw8','cmibvu3el00dggz7mzfoieahs','cmibvu36x006fgz7meleaqrw6','cmibvu37u007egz7maeu8b0av','2025-11-03 08:22:22.585',2,2,'cmibvu37u007egz7maeu8b0av','PLAYED','2025-11-23 15:38:13.299','2025-11-23 15:38:13.299'),('cmibvu46t010rgz7mn8mmlqr0','cmibvu3el00dggz7mzfoieahs','cmibvu372006kgz7m2haaxtz9','cmibvu37g006zgz7mmusf1bli','2025-12-21 22:42:01.521',0,0,'cmibvu372006kgz7m2haaxtz9','PLAYED','2025-11-23 15:38:13.302','2025-11-23 15:38:13.302'),('cmibvu46v010tgz7mx3v6r6zh','cmibvu3fd00e0gz7m73uo1h95','cmibvu38m008agz7mrd1qtwae','cmibvu37z007lgz7mqbjrmb27','2025-11-29 21:40:33.445',1,1,'cmibvu38m008agz7mrd1qtwae','PLAYED','2025-11-23 15:38:13.303','2025-11-23 15:38:13.303'),('cmibvu46w010vgz7mbpdz0tni','cmibvu3fd00e0gz7m73uo1h95','cmibvu388007vgz7mkdo04dte','cmibvu37z007lgz7mqbjrmb27','2025-12-17 20:46:10.501',0,1,'cmibvu37z007lgz7mqbjrmb27','PLAYED','2025-11-23 15:38:13.305','2025-11-23 15:38:13.305'),('cmibvu46y010xgz7mtsx33ni2','cmibvu3fd00e0gz7m73uo1h95','cmibvu38c0080gz7micvwqq5e','cmibvu38m008agz7mrd1qtwae','2025-12-24 23:04:32.843',1,0,'cmibvu38m008agz7mrd1qtwae','PLAYED','2025-11-23 15:38:13.306','2025-11-23 15:38:13.306'),('cmibvu470010zgz7mjdafhtx2','cmibvu3g200eigz7m6w8593gl','cmibvu39j009bgz7mjemnb1a8','cmibvu3b200apgz7mlgnfpqa1','2025-12-18 13:45:22.441',3,3,'cmibvu3b200apgz7mlgnfpqa1','PLAYED','2025-11-23 15:38:13.308','2025-11-23 15:38:13.308'),('cmibvu4710111gz7mjx3jyo9n','cmibvu3g200eigz7m6w8593gl','cmibvu3990091gz7m3xx6g7hu','cmibvu39e0096gz7mzbrsz8gd','2025-11-26 11:37:24.259',0,0,'cmibvu3990091gz7m3xx6g7hu','PLAYED','2025-11-23 15:38:13.310','2025-11-23 15:38:13.310'),('cmibvu4730113gz7mcbrhvx87','cmibvu3g200eigz7m6w8593gl','cmibvu3af00a0gz7mkkplr69e','cmibvu3at00afgz7mjoabttef','2025-11-26 18:47:02.152',3,0,'cmibvu3at00afgz7mjoabttef','PLAYED','2025-11-23 15:38:13.311','2025-11-23 15:38:13.311'),('cmibvu4740115gz7mnp7w73dp','cmibvu3ih00grgz7moe3dtlkd','cmibvu2xx0006gz7mv9zrcymp','cmibvu2y5000bgz7mti9dvc58','2025-11-03 14:30:47.402',0,2,'cmibvu2y5000bgz7mti9dvc58','PLAYED','2025-11-23 15:38:13.313','2025-11-23 15:38:13.313'),('cmibvu4760117gz7mztny6p62','cmibvu3ih00grgz7moe3dtlkd','cmibvu2y5000bgz7mti9dvc58','cmibvu2xx0006gz7mv9zrcymp','2025-12-18 03:11:55.128',2,2,'cmibvu2y5000bgz7mti9dvc58','PLAYED','2025-11-23 15:38:13.314','2025-11-23 15:38:13.314'),('cmibvu4770119gz7mfveab4mo','cmibvu3ih00grgz7moe3dtlkd','cmibvu2ys000qgz7mf2syi88f','cmibvu2xx0006gz7mv9zrcymp','2025-11-08 12:40:39.630',1,2,'cmibvu2ys000qgz7mf2syi88f','PLAYED','2025-11-23 15:38:13.315','2025-11-23 15:38:13.315'),('cmibvu478011bgz7m1mur6227','cmibvu3j500h9gz7mgn2ffyek','cmibvu31m0026gz7mr4a29vht','cmibvu30p001mgz7m1dzrd143','2025-11-13 15:18:53.909',3,3,'cmibvu30p001mgz7m1dzrd143','PLAYED','2025-11-23 15:38:13.317','2025-11-23 15:38:13.317'),('cmibvu47a011dgz7mo4nfbaaz','cmibvu3j500h9gz7mgn2ffyek','cmibvu31v002bgz7m63pip6pq','cmibvu30x001rgz7m76raqbrk','2025-11-04 19:36:48.286',3,1,'cmibvu31v002bgz7m63pip6pq','PLAYED','2025-11-23 15:38:13.319','2025-11-23 15:38:13.319'),('cmibvu47c011fgz7mpsp4y75t','cmibvu3j500h9gz7mgn2ffyek','cmibvu314001wgz7m6uqewand','cmibvu31v002bgz7m63pip6pq','2025-11-21 04:37:40.077',0,0,'cmibvu314001wgz7m6uqewand','PLAYED','2025-11-23 15:38:13.320','2025-11-23 15:38:13.320'),('cmibvu47d011hgz7mjjn8271p','cmibvu3js00hrgz7m117tr1c9','cmibvu326002igz7mr4efrwm8','cmibvu32i002sgz7md9rvjwav','2025-11-01 00:02:07.831',3,2,'cmibvu326002igz7mr4efrwm8','PLAYED','2025-11-23 15:38:13.322','2025-11-23 15:38:13.322'),('cmibvu47f011jgz7myijqxk29','cmibvu3js00hrgz7m117tr1c9','cmibvu3300037gz7mbw67y5tj','cmibvu32t0032gz7mwxp64rx3','2025-11-03 14:09:07.702',1,2,'cmibvu3300037gz7mbw67y5tj','PLAYED','2025-11-23 15:38:13.323','2025-11-23 15:38:13.323'),('cmibvu47g011lgz7meyivwd45','cmibvu3js00hrgz7m117tr1c9','cmibvu336003cgz7my419e328','cmibvu32t0032gz7mwxp64rx3','2025-12-01 21:21:55.993',2,3,'cmibvu336003cgz7my419e328','PLAYED','2025-11-23 15:38:13.325','2025-11-23 15:38:13.325'),('cmibvu47i011ngz7mu2psj53v','cmibvu3ki00i9gz7mh1yyyhgu','cmibvu34p004ngz7mmpfo0ykp','cmibvu33k003ogz7m4woddt3w','2025-11-23 09:06:02.727',1,2,'cmibvu33k003ogz7m4woddt3w','PLAYED','2025-11-23 15:38:13.326','2025-11-23 15:38:13.326'),('cmibvu47k011pgz7muzd2hzji','cmibvu3ki00i9gz7mh1yyyhgu','cmibvu3480048gz7mz6l0fub2','cmibvu34e004dgz7mad7pju7y','2025-12-30 21:47:48.746',1,0,'cmibvu34e004dgz7mad7pju7y','PLAYED','2025-11-23 15:38:13.328','2025-11-23 15:38:13.328'),('cmibvu47l011rgz7m4b47u69a','cmibvu3ki00i9gz7mh1yyyhgu','cmibvu34e004dgz7mad7pju7y','cmibvu33k003ogz7m4woddt3w','2025-11-23 02:46:41.970',1,1,'cmibvu34e004dgz7mad7pju7y','PLAYED','2025-11-23 15:38:13.330','2025-11-23 15:38:13.330'),('cmibvu47n011tgz7mcpwuy60e','cmibvu3l900itgz7mappo5yd4','cmibvu35x005ogz7m8vxu0zh1','cmibvu353004zgz7mlhf1ybj7','2025-11-28 08:24:58.036',1,3,'cmibvu353004zgz7mlhf1ybj7','PLAYED','2025-11-23 15:38:13.331','2025-11-23 15:38:13.331'),('cmibvu47o011vgz7mgdwfp946','cmibvu3l900itgz7mappo5yd4','cmibvu366005tgz7mqrlyc502','cmibvu35q005jgz7mi1m4wlcz','2025-11-05 09:49:38.127',0,3,'cmibvu366005tgz7mqrlyc502','PLAYED','2025-11-23 15:38:13.333','2025-11-23 15:38:13.333'),('cmibvu47q011xgz7mfb53z42j','cmibvu3l900itgz7mappo5yd4','cmibvu36c005ygz7m9j8cs5xr','cmibvu353004zgz7mlhf1ybj7','2025-11-30 13:02:39.318',0,1,'cmibvu353004zgz7mlhf1ybj7','PLAYED','2025-11-23 15:38:13.335','2025-11-23 15:38:13.335'),('cmibvu47s011zgz7mjrbqu4wj','cmibvu3ma00jdgz7m1ec077vo','cmibvu37p0079gz7mmww4qnzg','cmibvu36q006agz7mrqv6k1hr','2025-11-28 18:48:37.511',3,2,'cmibvu37p0079gz7mmww4qnzg','PLAYED','2025-11-23 15:38:13.336','2025-11-23 15:38:13.336'),('cmibvu47t0121gz7mxz9onuxi','cmibvu3ma00jdgz7m1ec077vo','cmibvu37p0079gz7mmww4qnzg','cmibvu37u007egz7maeu8b0av','2025-12-03 09:23:31.727',3,3,'cmibvu37u007egz7maeu8b0av','PLAYED','2025-11-23 15:38:13.338','2025-11-23 15:38:13.338'),('cmibvu47v0123gz7mfrh9kqgq','cmibvu3ma00jdgz7m1ec077vo','cmibvu36x006fgz7meleaqrw6','cmibvu37u007egz7maeu8b0av','2025-11-21 03:13:36.082',2,0,'cmibvu37u007egz7maeu8b0av','PLAYED','2025-11-23 15:38:13.339','2025-11-23 15:38:13.339'),('cmibvu47w0125gz7msw2qwsjm','cmibvu3n400jxgz7mu36yb1vg','cmibvu38u008kgz7mbiu9uqej','cmibvu38c0080gz7micvwqq5e','2025-12-29 23:01:57.810',2,0,'cmibvu38c0080gz7micvwqq5e','PLAYED','2025-11-23 15:38:13.341','2025-11-23 15:38:13.341'),('cmibvu47y0127gz7mk93zcdng','cmibvu3n400jxgz7mu36yb1vg','cmibvu384007qgz7m87dyt54k','cmibvu38q008fgz7m23sl42p8','2025-12-25 11:24:36.985',0,0,'cmibvu384007qgz7m87dyt54k','PLAYED','2025-11-23 15:38:13.342','2025-11-23 15:38:13.342'),('cmibvu47z0129gz7mr6b9wgl5','cmibvu3n400jxgz7mu36yb1vg','cmibvu38m008agz7mrd1qtwae','cmibvu37z007lgz7mqbjrmb27','2025-11-13 14:00:32.471',0,1,'cmibvu38m008agz7mrd1qtwae','PLAYED','2025-11-23 15:38:13.344','2025-11-23 15:38:13.344'),('cmibvu481012bgz7m78d3jdoa','cmibvu3nq00kfgz7m5h1bobj8','cmibvu3af00a0gz7mkkplr69e','cmibvu391008rgz7m8ys34zbw','2025-12-10 11:17:35.820',1,0,'cmibvu3af00a0gz7mkkplr69e','PLAYED','2025-11-23 15:38:13.345','2025-11-23 15:38:13.345'),('cmibvu482012dgz7mq6d941n5','cmibvu3nq00kfgz7m5h1bobj8','cmibvu39o009ggz7mx3nwghle','cmibvu3a7009vgz7m0owqsna1','2025-12-22 20:32:14.814',1,2,'cmibvu39o009ggz7mx3nwghle','PLAYED','2025-11-23 15:38:13.347','2025-11-23 15:38:13.347'),('cmibvu484012fgz7mup0dpdsk','cmibvu3nq00kfgz7m5h1bobj8','cmibvu3at00afgz7mjoabttef','cmibvu39j009bgz7mjemnb1a8','2025-12-31 06:39:53.384',0,1,'cmibvu3at00afgz7mjoabttef','PLAYED','2025-11-23 15:38:13.349','2025-11-23 15:38:13.349'),('cmibvu486012hgz7mqxz68rxx','cmibvu3q700mogz7m5uvh33c3','cmibvu2z3000vgz7mswkprtg3','cmibvu2y5000bgz7mti9dvc58','2025-12-28 10:04:54.654',3,3,'cmibvu2y5000bgz7mti9dvc58','PLAYED','2025-11-23 15:38:13.350','2025-11-23 15:38:13.350'),('cmibvu488012jgz7m2am4v5za','cmibvu3q700mogz7m5uvh33c3','cmibvu2z3000vgz7mswkprtg3','cmibvu2yd000ggz7m9i7nfsfm','2025-12-29 12:55:13.511',0,0,'cmibvu2z3000vgz7mswkprtg3','PLAYED','2025-11-23 15:38:13.352','2025-11-23 15:38:13.352'),('cmibvu489012lgz7mhih7bh5s','cmibvu3q700mogz7m5uvh33c3','cmibvu2zd0010gz7mq8zwk3g0','cmibvu2ys000qgz7mf2syi88f','2025-12-26 09:44:18.763',2,0,'cmibvu2ys000qgz7mf2syi88f','PLAYED','2025-11-23 15:38:13.353','2025-11-23 15:38:13.353'),('cmibvu48b012ngz7m7n2jg5ei','cmibvu3qs00n6gz7mo5iqu7ap','cmibvu31v002bgz7m63pip6pq','cmibvu314001wgz7m6uqewand','2025-11-22 07:21:19.216',3,2,'cmibvu314001wgz7m6uqewand','PLAYED','2025-11-23 15:38:13.355','2025-11-23 15:38:13.355'),('cmibvu48c012pgz7m13m6hwup','cmibvu3qs00n6gz7mo5iqu7ap','cmibvu31v002bgz7m63pip6pq','cmibvu30x001rgz7m76raqbrk','2025-11-28 20:56:15.613',2,3,'cmibvu31v002bgz7m63pip6pq','PLAYED','2025-11-23 15:38:13.357','2025-11-23 15:38:13.357'),('cmibvu48e012rgz7murs52trv','cmibvu3qs00n6gz7mo5iqu7ap','cmibvu30e001hgz7mna4s4zw7','cmibvu31m0026gz7mr4a29vht','2025-11-04 23:42:33.969',3,2,'cmibvu31m0026gz7mr4a29vht','PLAYED','2025-11-23 15:38:13.358','2025-11-23 15:38:13.358'),('cmibvu48f012tgz7m6c6pq3kk','cmibvu3rf00nogz7mg6lgno6d','cmibvu326002igz7mr4efrwm8','cmibvu32c002ngz7mctqwi3la','2025-11-03 00:34:26.919',2,2,'cmibvu326002igz7mr4efrwm8','PLAYED','2025-11-23 15:38:13.359','2025-11-23 15:38:13.359'),('cmibvu48g012vgz7mbphctkkv','cmibvu3rf00nogz7mg6lgno6d','cmibvu32t0032gz7mwxp64rx3','cmibvu3300037gz7mbw67y5tj','2025-11-19 22:31:49.653',2,2,'cmibvu32t0032gz7mwxp64rx3','PLAYED','2025-11-23 15:38:13.361','2025-11-23 15:38:13.361'),('cmibvu48i012xgz7mlhiot7bl','cmibvu3rf00nogz7mg6lgno6d','cmibvu336003cgz7my419e328','cmibvu32c002ngz7mctqwi3la','2025-11-10 07:10:14.326',3,3,'cmibvu32c002ngz7mctqwi3la','PLAYED','2025-11-23 15:38:13.362','2025-11-23 15:38:13.362'),('cmibvu48k012zgz7mcokkrg7x','cmibvu3rz00o6gz7mgxstp877','cmibvu3480048gz7mz6l0fub2','cmibvu3420043gz7mg1whb8zj','2025-12-04 21:42:33.835',1,0,'cmibvu3480048gz7mz6l0fub2','PLAYED','2025-11-23 15:38:13.364','2025-11-23 15:38:13.364'),('cmibvu48l0131gz7m02wiwwnx','cmibvu3rz00o6gz7mgxstp877','cmibvu34e004dgz7mad7pju7y','cmibvu33k003ogz7m4woddt3w','2025-11-22 07:07:00.342',2,0,'cmibvu33k003ogz7m4woddt3w','PLAYED','2025-11-23 15:38:13.366','2025-11-23 15:38:13.366'),('cmibvu48n0133gz7mi62yuy9p','cmibvu3rz00o6gz7mgxstp877','cmibvu34p004ngz7mmpfo0ykp','cmibvu3480048gz7mz6l0fub2','2025-11-30 21:22:05.662',0,3,'cmibvu3480048gz7mz6l0fub2','PLAYED','2025-11-23 15:38:13.367','2025-11-23 15:38:13.367'),('cmibvu48p0135gz7mfldv3h8r','cmibvu3sn00oqgz7mwrfqnbyu','cmibvu35k005egz7mjmt18fbk','cmibvu35e0059gz7mjia8ocyg','2025-12-02 09:54:44.012',1,1,'cmibvu35k005egz7mjmt18fbk','PLAYED','2025-11-23 15:38:13.369','2025-11-23 15:38:13.369'),('cmibvu48q0137gz7mg0hj9qxr','cmibvu3sn00oqgz7mwrfqnbyu','cmibvu35k005egz7mjmt18fbk','cmibvu35e0059gz7mjia8ocyg','2025-12-18 01:01:46.733',0,3,'cmibvu35k005egz7mjmt18fbk','PLAYED','2025-11-23 15:38:13.370','2025-11-23 15:38:13.370'),('cmibvu48s0139gz7m4nfmvq5i','cmibvu3sn00oqgz7mwrfqnbyu','cmibvu366005tgz7mqrlyc502','cmibvu35x005ogz7m8vxu0zh1','2025-12-12 01:08:20.845',2,3,'cmibvu366005tgz7mqrlyc502','PLAYED','2025-11-23 15:38:13.372','2025-11-23 15:38:13.372'),('cmibvu48t013bgz7mlqshb6f1','cmibvu3ta00pagz7m2qnwec1c','cmibvu372006kgz7m2haaxtz9','cmibvu36x006fgz7meleaqrw6','2025-12-27 00:10:05.294',3,2,'cmibvu36x006fgz7meleaqrw6','PLAYED','2025-11-23 15:38:13.374','2025-11-23 15:38:13.374'),('cmibvu48v013dgz7m46wm6hug','cmibvu3ta00pagz7m2qnwec1c','cmibvu378006pgz7mh104fdxb','cmibvu36q006agz7mrqv6k1hr','2025-12-04 16:42:12.456',2,0,'cmibvu36q006agz7mrqv6k1hr','PLAYED','2025-11-23 15:38:13.375','2025-11-23 15:38:13.375'),('cmibvu48w013fgz7mf9c7vxlv','cmibvu3ta00pagz7m2qnwec1c','cmibvu372006kgz7m2haaxtz9','cmibvu37l0074gz7mtpqc8c6l','2025-12-18 08:04:47.056',2,1,'cmibvu372006kgz7m2haaxtz9','PLAYED','2025-11-23 15:38:13.377','2025-11-23 15:38:13.377'),('cmibvu48y013hgz7mpxjg746e','cmibvu3u000pugz7mqgmz9c5s','cmibvu38u008kgz7mbiu9uqej','cmibvu38m008agz7mrd1qtwae','2025-11-27 23:17:50.231',2,3,'cmibvu38m008agz7mrd1qtwae','PLAYED','2025-11-23 15:38:13.378','2025-11-23 15:38:13.378'),('cmibvu490013jgz7md6sv68n4','cmibvu3u000pugz7mqgmz9c5s','cmibvu38u008kgz7mbiu9uqej','cmibvu37z007lgz7mqbjrmb27','2025-12-26 11:44:53.069',0,0,'cmibvu38u008kgz7mbiu9uqej','PLAYED','2025-11-23 15:38:13.380','2025-11-23 15:38:13.380'),('cmibvu491013lgz7mrr8vk5uq','cmibvu3u000pugz7mqgmz9c5s','cmibvu388007vgz7mkdo04dte','cmibvu38c0080gz7micvwqq5e','2025-12-07 10:44:03.792',0,3,'cmibvu38c0080gz7micvwqq5e','PLAYED','2025-11-23 15:38:13.381','2025-11-23 15:38:13.381'),('cmibvu493013ngz7mj9aeir0d','cmibvu3um00qcgz7mgizzzt6p','cmibvu3at00afgz7mjoabttef','cmibvu395008wgz7m1f14g1ul','2025-11-01 02:56:16.789',2,0,'cmibvu3at00afgz7mjoabttef','PLAYED','2025-11-23 15:38:13.383','2025-11-23 15:38:13.383'),('cmibvu494013pgz7mt6x7ycsh','cmibvu3um00qcgz7mgizzzt6p','cmibvu3at00afgz7mjoabttef','cmibvu3b200apgz7mlgnfpqa1','2025-12-09 18:54:11.097',2,3,'cmibvu3b200apgz7mlgnfpqa1','PLAYED','2025-11-23 15:38:13.385','2025-11-23 15:38:13.385'),('cmibvu496013rgz7mvuwdxc2w','cmibvu3um00qcgz7mgizzzt6p','cmibvu3af00a0gz7mkkplr69e','cmibvu3at00afgz7mjoabttef','2025-11-27 19:44:31.759',1,2,'cmibvu3af00a0gz7mkkplr69e','PLAYED','2025-11-23 15:38:13.386','2025-11-23 15:38:13.386'),('cmibvu497013tgz7m3jbj1jgp','cmibvu3wv00slgz7mmjdvgpis','cmibvu2ys000qgz7mf2syi88f','cmibvu2zm0015gz7mjfdwearb','2025-12-18 00:26:02.960',2,3,'cmibvu2ys000qgz7mf2syi88f','PLAYED','2025-11-23 15:38:13.388','2025-11-23 15:38:13.388'),('cmibvu499013vgz7mgzg9ct3d','cmibvu3wv00slgz7mmjdvgpis','cmibvu2zm0015gz7mjfdwearb','cmibvu2ys000qgz7mf2syi88f','2025-12-20 05:47:53.750',2,3,'cmibvu2zm0015gz7mjfdwearb','PLAYED','2025-11-23 15:38:13.389','2025-11-23 15:38:13.389'),('cmibvu49a013xgz7mv48u27i5','cmibvu3wv00slgz7mmjdvgpis','cmibvu2yk000lgz7mzpume44l','cmibvu2z3000vgz7mswkprtg3','2025-11-20 20:49:27.122',1,3,'cmibvu2z3000vgz7mswkprtg3','PLAYED','2025-11-23 15:38:13.391','2025-11-23 15:38:13.391'),('cmibvu49c013zgz7mlbed0sqo','cmibvu3y200t3gz7mpdzoq0w8','cmibvu314001wgz7m6uqewand','cmibvu30p001mgz7m1dzrd143','2025-12-17 09:35:41.364',0,3,'cmibvu30p001mgz7m1dzrd143','PLAYED','2025-11-23 15:38:13.392','2025-11-23 15:38:13.392'),('cmibvu49d0141gz7m2e43d2yd','cmibvu3y200t3gz7mpdzoq0w8','cmibvu314001wgz7m6uqewand','cmibvu31d0021gz7m7vtftzi4','2025-11-28 20:28:19.107',0,2,'cmibvu314001wgz7m6uqewand','PLAYED','2025-11-23 15:38:13.394','2025-11-23 15:38:13.394'),('cmibvu49f0143gz7mbp1lheb5','cmibvu3y200t3gz7mpdzoq0w8','cmibvu31d0021gz7m7vtftzi4','cmibvu31m0026gz7mr4a29vht','2025-12-06 17:43:16.682',3,3,'cmibvu31m0026gz7mr4a29vht','PLAYED','2025-11-23 15:38:13.396','2025-11-23 15:38:13.396'),('cmibvu49h0145gz7mcu4nizra','cmibvu3yn00tlgz7mu1roa1ew','cmibvu326002igz7mr4efrwm8','cmibvu32c002ngz7mctqwi3la','2025-12-19 22:25:33.667',2,2,'cmibvu326002igz7mr4efrwm8','PLAYED','2025-11-23 15:38:13.397','2025-11-23 15:38:13.397'),('cmibvu49i0147gz7mraq628nn','cmibvu3yn00tlgz7mu1roa1ew','cmibvu33c003hgz7muyhkqoqv','cmibvu336003cgz7my419e328','2025-12-15 10:56:47.772',3,3,'cmibvu33c003hgz7muyhkqoqv','PLAYED','2025-11-23 15:38:13.399','2025-11-23 15:38:13.399'),('cmibvu49k0149gz7ml2pw0wjy','cmibvu3yn00tlgz7mu1roa1ew','cmibvu33c003hgz7muyhkqoqv','cmibvu3300037gz7mbw67y5tj','2025-12-18 16:11:43.102',0,2,'cmibvu33c003hgz7muyhkqoqv','PLAYED','2025-11-23 15:38:13.400','2025-11-23 15:38:13.400'),('cmibvu49m014bgz7m2dezyim9','cmibvu3za00u3gz7mf954da14','cmibvu34p004ngz7mmpfo0ykp','cmibvu33q003tgz7muoobynci','2025-11-14 06:38:47.376',3,2,'cmibvu34p004ngz7mmpfo0ykp','PLAYED','2025-11-23 15:38:13.402','2025-11-23 15:38:13.402'),('cmibvu49n014dgz7mlm7oom0n','cmibvu3za00u3gz7mf954da14','cmibvu3420043gz7mg1whb8zj','cmibvu33k003ogz7m4woddt3w','2025-12-05 18:13:07.937',0,2,'cmibvu33k003ogz7m4woddt3w','PLAYED','2025-11-23 15:38:13.404','2025-11-23 15:38:13.404'),('cmibvu49p014fgz7m3kkc3wae','cmibvu3za00u3gz7mf954da14','cmibvu34v004sgz7ms57afh63','cmibvu33q003tgz7muoobynci','2025-11-04 03:13:01.343',3,0,'cmibvu34v004sgz7ms57afh63','PLAYED','2025-11-23 15:38:13.405','2025-11-23 15:38:13.405'),('cmibvu49q014hgz7mo0vme9uh','cmibvu3zx00ungz7mkl689a9o','cmibvu35q005jgz7mi1m4wlcz','cmibvu3580054gz7mzgql3jh6','2025-12-08 11:04:29.285',3,3,'cmibvu35q005jgz7mi1m4wlcz','PLAYED','2025-11-23 15:38:13.407','2025-11-23 15:38:13.407'),('cmibvu49s014jgz7mnipuq3t7','cmibvu3zx00ungz7mkl689a9o','cmibvu35k005egz7mjmt18fbk','cmibvu35x005ogz7m8vxu0zh1','2025-11-18 14:20:58.673',0,2,'cmibvu35x005ogz7m8vxu0zh1','PLAYED','2025-11-23 15:38:13.408','2025-11-23 15:38:13.408'),('cmibvu49t014lgz7m9jlx5qub','cmibvu3zx00ungz7mkl689a9o','cmibvu35x005ogz7m8vxu0zh1','cmibvu366005tgz7mqrlyc502','2025-12-09 20:16:23.439',1,3,'cmibvu35x005ogz7m8vxu0zh1','PLAYED','2025-11-23 15:38:13.410','2025-11-23 15:38:13.410'),('cmibvu49v014ngz7mtaj0ttmj','cmibvu40j00v7gz7mftulk1lj','cmibvu37l0074gz7mtpqc8c6l','cmibvu378006pgz7mh104fdxb','2025-11-03 15:09:40.308',1,3,'cmibvu378006pgz7mh104fdxb','PLAYED','2025-11-23 15:38:13.411','2025-11-23 15:38:13.411'),('cmibvu49w014pgz7m25n4jlyx','cmibvu40j00v7gz7mftulk1lj','cmibvu37l0074gz7mtpqc8c6l','cmibvu372006kgz7m2haaxtz9','2025-12-01 21:38:14.627',1,1,'cmibvu37l0074gz7mtpqc8c6l','PLAYED','2025-11-23 15:38:13.413','2025-11-23 15:38:13.413'),('cmibvu49y014rgz7mlm7ye2sb','cmibvu40j00v7gz7mftulk1lj','cmibvu37p0079gz7mmww4qnzg','cmibvu378006pgz7mh104fdxb','2025-12-07 17:06:19.549',2,0,'cmibvu378006pgz7mh104fdxb','PLAYED','2025-11-23 15:38:13.414','2025-11-23 15:38:13.414'),('cmibvu49z014tgz7m2l9mikez','cmibvu41r00vrgz7mjmx6uzi8','cmibvu38c0080gz7micvwqq5e','cmibvu388007vgz7mkdo04dte','2025-12-06 07:20:41.313',1,0,'cmibvu388007vgz7mkdo04dte','PLAYED','2025-11-23 15:38:13.416','2025-11-23 15:38:13.416'),('cmibvu4a1014vgz7m6dxjgk3p','cmibvu41r00vrgz7mjmx6uzi8','cmibvu38h0085gz7mlx24b36c','cmibvu38m008agz7mrd1qtwae','2025-12-24 20:47:41.852',3,2,'cmibvu38h0085gz7mlx24b36c','PLAYED','2025-11-23 15:38:13.417','2025-11-23 15:38:13.417'),('cmibvu4a2014xgz7mbnivm3kt','cmibvu41r00vrgz7mjmx6uzi8','cmibvu38q008fgz7m23sl42p8','cmibvu38c0080gz7micvwqq5e','2025-12-01 20:19:51.708',0,1,'cmibvu38c0080gz7micvwqq5e','PLAYED','2025-11-23 15:38:13.419','2025-11-23 15:38:13.419'),('cmibvu4a4014zgz7mnsedymlh','cmibvu42j00w9gz7m14s6h2xq','cmibvu3ay00akgz7mogqs968t','cmibvu3ao00aagz7m04w3fnxq','2025-11-16 15:42:33.028',1,1,'cmibvu3ao00aagz7m04w3fnxq','PLAYED','2025-11-23 15:38:13.420','2025-11-23 15:38:13.420'),('cmibvu4a60151gz7m0omgu03u','cmibvu42j00w9gz7m14s6h2xq','cmibvu3990091gz7m3xx6g7hu','cmibvu3b200apgz7mlgnfpqa1','2025-12-29 22:47:39.971',1,0,'cmibvu3990091gz7m3xx6g7hu','PLAYED','2025-11-23 15:38:13.422','2025-11-23 15:38:13.422'),('cmibvu4a70153gz7m9o4vosdi','cmibvu42j00w9gz7m14s6h2xq','cmibvu3af00a0gz7mkkplr69e','cmibvu3at00afgz7mjoabttef','2025-12-30 23:11:48.320',2,0,'cmibvu3at00afgz7mjoabttef','PLAYED','2025-11-23 15:38:13.423','2025-11-23 15:38:13.423'),('cmisvz27m0001e0lp1ox95tho','cmibvu2xq0003gz7mqbiwp9ag','cmibvu2y5000bgz7mti9dvc58','cmibvu2xx0006gz7mv9zrcymp','2025-12-04 00:00:00.000',3,0,'cmibvu2y5000bgz7mti9dvc58','PLAYED','2025-12-05 13:14:09.009','2025-12-05 13:14:09.009');
/*!40000 ALTER TABLE `matches` ENABLE KEYS */;
UNLOCK TABLES;

--
-- Table structure for table `player_group_history`
--

DROP TABLE IF EXISTS `player_group_history`;
/*!40101 SET @saved_cs_client     = @@character_set_client */;
/*!50503 SET character_set_client = utf8mb4 */;
CREATE TABLE `player_group_history` (
  `id` varchar(191) COLLATE utf8mb4_unicode_ci NOT NULL,
  `playerId` varchar(191) COLLATE utf8mb4_unicode_ci NOT NULL,
  `seasonId` varchar(191) COLLATE utf8mb4_unicode_ci NOT NULL,
  `groupId` varchar(191) COLLATE utf8mb4_unicode_ci DEFAULT NULL,
  `finalRank` int DEFAULT NULL,
  `movementType` enum('PROMOTION','RELEGATION','STAY') COLLATE utf8mb4_unicode_ci DEFAULT NULL,
  `createdAt` datetime(3) NOT NULL DEFAULT CURRENT_TIMESTAMP(3),
  PRIMARY KEY (`id`),
  KEY `player_group_history_playerId_idx` (`playerId`),
  KEY `player_group_history_seasonId_idx` (`seasonId`),
  KEY `player_group_history_groupId_fkey` (`groupId`),
  CONSTRAINT `player_group_history_groupId_fkey` FOREIGN KEY (`groupId`) REFERENCES `groups` (`id`) ON DELETE SET NULL ON UPDATE CASCADE,
  CONSTRAINT `player_group_history_playerId_fkey` FOREIGN KEY (`playerId`) REFERENCES `players` (`id`) ON DELETE CASCADE ON UPDATE CASCADE,
  CONSTRAINT `player_group_history_seasonId_fkey` FOREIGN KEY (`seasonId`) REFERENCES `seasons` (`id`) ON DELETE CASCADE ON UPDATE CASCADE
) ENGINE=InnoDB DEFAULT CHARSET=utf8mb4 COLLATE=utf8mb4_unicode_ci;
/*!40101 SET character_set_client = @saved_cs_client */;

--
-- Dumping data for table `player_group_history`
--

LOCK TABLES `player_group_history` WRITE;
/*!40000 ALTER TABLE `player_group_history` DISABLE KEYS */;
INSERT INTO `player_group_history` VALUES ('cmird6iqj0002fpumy3ypo4sw','cmibvu2yk000lgz7mzpume44l','cmibvu3b600asgz7mb6v7co43','cmibvu3b800augz7makttaell',1,'STAY','2025-12-04 11:40:18.139'),('cmird6iqn0004fpumzcuh5vbg','cmibvu2yd000ggz7m9i7nfsfm','cmibvu3b600asgz7mb6v7co43','cmibvu3b800augz7makttaell',2,'STAY','2025-12-04 11:40:18.143'),('cmird6iqo0006fpum4fb1w8wg','cmibvu2xx0006gz7mv9zrcymp','cmibvu3b600asgz7mb6v7co43','cmibvu3b800augz7makttaell',3,'STAY','2025-12-04 11:40:18.145'),('cmird6iqs0008fpumf1ls2qs4','cmibvu2zd0010gz7mq8zwk3g0','cmibvu3b600asgz7mb6v7co43','cmibvu3b800augz7makttaell',4,'STAY','2025-12-04 11:40:18.149'),('cmird6iqv000afpum7ybkfxzy','cmibvu2z3000vgz7mswkprtg3','cmibvu3b600asgz7mb6v7co43','cmibvu3b800augz7makttaell',5,'STAY','2025-12-04 11:40:18.151'),('cmird6iqy000cfpuma7gw50hu','cmibvu2zm0015gz7mjfdwearb','cmibvu3b600asgz7mb6v7co43','cmibvu3b800augz7makttaell',6,'STAY','2025-12-04 11:40:18.154'),('cmird6ir4000efpum42t8s4na','cmibvu2ys000qgz7mf2syi88f','cmibvu3b600asgz7mb6v7co43','cmibvu3bz00bcgz7mn5t0plzf',7,'RELEGATION','2025-12-04 11:40:18.161'),('cmird6ir7000gfpumfgt903wf','cmibvu2y5000bgz7mti9dvc58','cmibvu3b600asgz7mb6v7co43','cmibvu3bz00bcgz7mn5t0plzf',8,'RELEGATION','2025-12-04 11:40:18.164'),('cmird6ira000ifpumuabg4qyw','cmibvu30x001rgz7m76raqbrk','cmibvu3b600asgz7mb6v7co43','cmibvu3b800augz7makttaell',1,'PROMOTION','2025-12-04 11:40:18.167'),('cmird6irf000kfpumfion3yhr','cmibvu30p001mgz7m1dzrd143','cmibvu3b600asgz7mb6v7co43','cmibvu3b800augz7makttaell',2,'PROMOTION','2025-12-04 11:40:18.171'),('cmird6irh000mfpumpz2oqrzv','cmibvu303001cgz7m6oel93va','cmibvu3b600asgz7mb6v7co43','cmibvu3bz00bcgz7mn5t0plzf',3,'STAY','2025-12-04 11:40:18.173'),('cmird6iri000ofpuma80v4w56','cmibvu30e001hgz7mna4s4zw7','cmibvu3b600asgz7mb6v7co43','cmibvu3bz00bcgz7mn5t0plzf',4,'STAY','2025-12-04 11:40:18.175'),('cmird6irk000qfpumo04g3jfz','cmibvu31v002bgz7m63pip6pq','cmibvu3b600asgz7mb6v7co43','cmibvu3bz00bcgz7mn5t0plzf',5,'STAY','2025-12-04 11:40:18.176'),('cmird6irl000sfpumx21dpi2f','cmibvu31d0021gz7m7vtftzi4','cmibvu3b600asgz7mb6v7co43','cmibvu3bz00bcgz7mn5t0plzf',6,'STAY','2025-12-04 11:40:18.177'),('cmird6irn000ufpum869pgvz5','cmibvu31m0026gz7mr4a29vht','cmibvu3b600asgz7mb6v7co43','cmibvu3ci00bugz7mjkpvc0uo',7,'RELEGATION','2025-12-04 11:40:18.180'),('cmird6irq000wfpumg02qoi0f','cmibvu314001wgz7m6uqewand','cmibvu3b600asgz7mb6v7co43','cmibvu3ci00bugz7mjkpvc0uo',8,'RELEGATION','2025-12-04 11:40:18.183'),('cmird6iru000yfpum2pu52tgs','cmibvu32i002sgz7md9rvjwav','cmibvu3b600asgz7mb6v7co43','cmibvu3bz00bcgz7mn5t0plzf',1,'PROMOTION','2025-12-04 11:40:18.186'),('cmird6irw0010fpumtqannd0c','cmibvu32o002xgz7mofmvu4ve','cmibvu3b600asgz7mb6v7co43','cmibvu3bz00bcgz7mn5t0plzf',2,'PROMOTION','2025-12-04 11:40:18.189'),('cmird6iry0012fpumagvt8sj6','cmibvu326002igz7mr4efrwm8','cmibvu3b600asgz7mb6v7co43','cmibvu3ci00bugz7mjkpvc0uo',3,'STAY','2025-12-04 11:40:18.190'),('cmird6irz0014fpum5v39flkq','cmibvu33c003hgz7muyhkqoqv','cmibvu3b600asgz7mb6v7co43','cmibvu3ci00bugz7mjkpvc0uo',4,'STAY','2025-12-04 11:40:18.191'),('cmird6is00016fpumgrr6vhfm','cmibvu32t0032gz7mwxp64rx3','cmibvu3b600asgz7mb6v7co43','cmibvu3ci00bugz7mjkpvc0uo',5,'STAY','2025-12-04 11:40:18.192'),('cmird6is10018fpumaqbdbszp','cmibvu3300037gz7mbw67y5tj','cmibvu3b600asgz7mb6v7co43','cmibvu3ci00bugz7mjkpvc0uo',6,'STAY','2025-12-04 11:40:18.193'),('cmird6is3001afpum1mzybbv2','cmibvu32c002ngz7mctqwi3la','cmibvu3b600asgz7mb6v7co43','cmibvu3d500ccgz7mscqfj9pa',7,'RELEGATION','2025-12-04 11:40:18.196'),('cmird6is6001cfpumo4zc57je','cmibvu336003cgz7my419e328','cmibvu3b600asgz7mb6v7co43','cmibvu3d500ccgz7mscqfj9pa',8,'RELEGATION','2025-12-04 11:40:18.198'),('cmird6is9001efpumo337orcc','cmibvu33w003ygz7mmtzzuzxp','cmibvu3b600asgz7mb6v7co43','cmibvu3ci00bugz7mjkpvc0uo',1,'PROMOTION','2025-12-04 11:40:18.202'),('cmird6isc001gfpum6uz5ze1w','cmibvu33q003tgz7muoobynci','cmibvu3b600asgz7mb6v7co43','cmibvu3ci00bugz7mjkpvc0uo',2,'PROMOTION','2025-12-04 11:40:18.204'),('cmird6isd001ifpum6862ykfd','cmibvu33k003ogz7m4woddt3w','cmibvu3b600asgz7mb6v7co43','cmibvu3d500ccgz7mscqfj9pa',3,'STAY','2025-12-04 11:40:18.206'),('cmird6ise001kfpumw15zsdmx','cmibvu3420043gz7mg1whb8zj','cmibvu3b600asgz7mb6v7co43','cmibvu3d500ccgz7mscqfj9pa',4,'STAY','2025-12-04 11:40:18.207'),('cmird6isf001mfpumqggcydyr','cmibvu34v004sgz7ms57afh63','cmibvu3b600asgz7mb6v7co43','cmibvu3d500ccgz7mscqfj9pa',5,'STAY','2025-12-04 11:40:18.208'),('cmird6isg001ofpumlam08keg','cmibvu34e004dgz7mad7pju7y','cmibvu3b600asgz7mb6v7co43','cmibvu3d500ccgz7mscqfj9pa',6,'STAY','2025-12-04 11:40:18.209'),('cmird6ish001qfpumm0k7skac','cmibvu34k004igz7mh4bsqrsz','cmibvu3b600asgz7mb6v7co43','cmibvu3d500ccgz7mscqfj9pa',7,'STAY','2025-12-04 11:40:18.210'),('cmird6isk001sfpumy1h730c2','cmibvu3480048gz7mz6l0fub2','cmibvu3b600asgz7mb6v7co43','cmibvu3dv00cwgz7ma3qa6yxw',8,'RELEGATION','2025-12-04 11:40:18.212'),('cmird6ism001ufpuml9d9p2xx','cmibvu34p004ngz7mmpfo0ykp','cmibvu3b600asgz7mb6v7co43','cmibvu3dv00cwgz7ma3qa6yxw',9,'RELEGATION','2025-12-04 11:40:18.215'),('cmird6isr001wfpumwo18pbij','cmibvu3580054gz7mzgql3jh6','cmibvu3b600asgz7mb6v7co43','cmibvu3d500ccgz7mscqfj9pa',1,'PROMOTION','2025-12-04 11:40:18.219'),('cmird6ist001yfpumc86ddyxb','cmibvu366005tgz7mqrlyc502','cmibvu3b600asgz7mb6v7co43','cmibvu3d500ccgz7mscqfj9pa',2,'PROMOTION','2025-12-04 11:40:18.222'),('cmird6isu0020fpumtjtgr2kj','cmibvu35e0059gz7mjia8ocyg','cmibvu3b600asgz7mb6v7co43','cmibvu3dv00cwgz7ma3qa6yxw',3,'STAY','2025-12-04 11:40:18.222'),('cmird6isv0022fpum9k58123g','cmibvu36c005ygz7m9j8cs5xr','cmibvu3b600asgz7mb6v7co43','cmibvu3dv00cwgz7ma3qa6yxw',4,'STAY','2025-12-04 11:40:18.223'),('cmird6isw0024fpumuoet67t0','cmibvu353004zgz7mlhf1ybj7','cmibvu3b600asgz7mb6v7co43','cmibvu3dv00cwgz7ma3qa6yxw',5,'STAY','2025-12-04 11:40:18.224'),('cmird6isx0026fpumkos70nxv','cmibvu35x005ogz7m8vxu0zh1','cmibvu3b600asgz7mb6v7co43','cmibvu3dv00cwgz7ma3qa6yxw',6,'STAY','2025-12-04 11:40:18.225'),('cmird6isx0028fpumbok7pw0o','cmibvu35k005egz7mjmt18fbk','cmibvu3b600asgz7mb6v7co43','cmibvu3dv00cwgz7ma3qa6yxw',7,'STAY','2025-12-04 11:40:18.226'),('cmird6isz002afpum20j6lkhp','cmibvu36j0063gz7mk1gt2mta','cmibvu3b600asgz7mb6v7co43','cmibvu3el00dggz7mzfoieahs',8,'RELEGATION','2025-12-04 11:40:18.227'),('cmird6it1002cfpumekbi1aaf','cmibvu35q005jgz7mi1m4wlcz','cmibvu3b600asgz7mb6v7co43','cmibvu3el00dggz7mzfoieahs',9,'RELEGATION','2025-12-04 11:40:18.229'),('cmird6it4002efpum252ida2i','cmibvu372006kgz7m2haaxtz9','cmibvu3b600asgz7mb6v7co43','cmibvu3dv00cwgz7ma3qa6yxw',1,'PROMOTION','2025-12-04 11:40:18.233'),('cmird6it7002gfpumc277n1be','cmibvu378006pgz7mh104fdxb','cmibvu3b600asgz7mb6v7co43','cmibvu3dv00cwgz7ma3qa6yxw',2,'PROMOTION','2025-12-04 11:40:18.236'),('cmird6it8002ifpumq69ope6v','cmibvu37p0079gz7mmww4qnzg','cmibvu3b600asgz7mb6v7co43','cmibvu3el00dggz7mzfoieahs',3,'STAY','2025-12-04 11:40:18.237'),('cmird6it9002kfpumsyg152lv','cmibvu37u007egz7maeu8b0av','cmibvu3b600asgz7mb6v7co43','cmibvu3el00dggz7mzfoieahs',4,'STAY','2025-12-04 11:40:18.238'),('cmird6ita002mfpumi4g2bmsa','cmibvu37g006zgz7mmusf1bli','cmibvu3b600asgz7mb6v7co43','cmibvu3el00dggz7mzfoieahs',5,'STAY','2025-12-04 11:40:18.239'),('cmird6itb002ofpumwdwc5x9m','cmibvu37c006ugz7mrbk10060','cmibvu3b600asgz7mb6v7co43','cmibvu3el00dggz7mzfoieahs',6,'STAY','2025-12-04 11:40:18.239'),('cmird6itc002qfpum0cmcfljh','cmibvu37l0074gz7mtpqc8c6l','cmibvu3b600asgz7mb6v7co43','cmibvu3el00dggz7mzfoieahs',7,'STAY','2025-12-04 11:40:18.240'),('cmird6itd002sfpum4scp7qh0','cmibvu36x006fgz7meleaqrw6','cmibvu3b600asgz7mb6v7co43','cmibvu3fd00e0gz7m73uo1h95',8,'RELEGATION','2025-12-04 11:40:18.242'),('cmird6itf002ufpumv6alef0k','cmibvu36q006agz7mrqv6k1hr','cmibvu3b600asgz7mb6v7co43','cmibvu3fd00e0gz7m73uo1h95',9,'RELEGATION','2025-12-04 11:40:18.243'),('cmird6itg002wfpum8px5fzw8','cmibvu38m008agz7mrd1qtwae','cmibvu3b600asgz7mb6v7co43','cmibvu3el00dggz7mzfoieahs',1,'PROMOTION','2025-12-04 11:40:18.245'),('cmird6itj002yfpum041kdctk','cmibvu37z007lgz7mqbjrmb27','cmibvu3b600asgz7mb6v7co43','cmibvu3el00dggz7mzfoieahs',2,'PROMOTION','2025-12-04 11:40:18.247'),('cmird6itj0030fpumt947dapk','cmibvu38h0085gz7mlx24b36c','cmibvu3b600asgz7mb6v7co43','cmibvu3fd00e0gz7m73uo1h95',3,'STAY','2025-12-04 11:40:18.248'),('cmird6itk0032fpumcxo721y7','cmibvu388007vgz7mkdo04dte','cmibvu3b600asgz7mb6v7co43','cmibvu3fd00e0gz7m73uo1h95',4,'STAY','2025-12-04 11:40:18.249'),('cmird6itl0034fpumn7r442ga','cmibvu38c0080gz7micvwqq5e','cmibvu3b600asgz7mb6v7co43','cmibvu3fd00e0gz7m73uo1h95',5,'STAY','2025-12-04 11:40:18.250'),('cmird6itm0036fpumz6ppcasc','cmibvu38u008kgz7mbiu9uqej','cmibvu3b600asgz7mb6v7co43','cmibvu3fd00e0gz7m73uo1h95',6,'STAY','2025-12-04 11:40:18.251'),('cmird6ito0038fpumywxhmm6j','cmibvu38q008fgz7m23sl42p8','cmibvu3b600asgz7mb6v7co43','cmibvu3g200eigz7m6w8593gl',7,'RELEGATION','2025-12-04 11:40:18.252'),('cmird6itp003afpumnf1hmuiq','cmibvu384007qgz7m87dyt54k','cmibvu3b600asgz7mb6v7co43','cmibvu3g200eigz7m6w8593gl',8,'RELEGATION','2025-12-04 11:40:18.254'),('cmird6itr003cfpumpmxgejw5','cmibvu3at00afgz7mjoabttef','cmibvu3b600asgz7mb6v7co43','cmibvu3fd00e0gz7m73uo1h95',1,'PROMOTION','2025-12-04 11:40:18.255'),('cmird6its003efpumqympjert','cmibvu3990091gz7m3xx6g7hu','cmibvu3b600asgz7mb6v7co43','cmibvu3fd00e0gz7m73uo1h95',2,'PROMOTION','2025-12-04 11:40:18.257'),('cmird6itt003gfpump1gvk1gj','cmibvu3b200apgz7mlgnfpqa1','cmibvu3b600asgz7mb6v7co43','cmibvu3g200eigz7m6w8593gl',3,'STAY','2025-12-04 11:40:18.258'),('cmird6itu003ifpumcqt9wwhx','cmibvu3af00a0gz7mkkplr69e','cmibvu3b600asgz7mb6v7co43','cmibvu3g200eigz7m6w8593gl',4,'STAY','2025-12-04 11:40:18.259'),('cmird6itw003kfpumej9ojabs','cmibvu3ay00akgz7mogqs968t','cmibvu3b600asgz7mb6v7co43','cmibvu3g200eigz7m6w8593gl',5,'STAY','2025-12-04 11:40:18.260'),('cmird6itx003mfpumxotpbcag','cmibvu3ao00aagz7m04w3fnxq','cmibvu3b600asgz7mb6v7co43','cmibvu3g200eigz7m6w8593gl',6,'STAY','2025-12-04 11:40:18.261'),('cmird6ity003ofpumtv6y5410','cmibvu395008wgz7m1f14g1ul','cmibvu3b600asgz7mb6v7co43','cmibvu3g200eigz7m6w8593gl',7,'STAY','2025-12-04 11:40:18.262'),('cmird6ity003qfpumj2kn6z9n','cmibvu39j009bgz7mjemnb1a8','cmibvu3b600asgz7mb6v7co43','cmibvu3g200eigz7m6w8593gl',8,'STAY','2025-12-04 11:40:18.263'),('cmird6itz003sfpumwwjvxjwi','cmibvu391008rgz7m8ys34zbw','cmibvu3b600asgz7mb6v7co43','cmibvu3g200eigz7m6w8593gl',9,'STAY','2025-12-04 11:40:18.264'),('cmird6iu0003ufpumnqhm8mwi','cmibvu3aj00a5gz7m8o0g09se','cmibvu3b600asgz7mb6v7co43','cmibvu3g200eigz7m6w8593gl',10,'STAY','2025-12-04 11:40:18.264'),('cmird6iu1003wfpumg45cy6tk','cmibvu3a7009vgz7m0owqsna1','cmibvu3b600asgz7mb6v7co43','cmibvu3g200eigz7m6w8593gl',11,'STAY','2025-12-04 11:40:18.265'),('cmird6iu2003yfpumq6rqwr5x','cmibvu3a1009qgz7mpbb5ynw4','cmibvu3b600asgz7mb6v7co43','cmibvu3g200eigz7m6w8593gl',12,'STAY','2025-12-04 11:40:18.266'),('cmird6iu30040fpumb4zs5roc','cmibvu39t009lgz7mi4hiw0v9','cmibvu3b600asgz7mb6v7co43','cmibvu3g200eigz7m6w8593gl',13,'STAY','2025-12-04 11:40:18.267'),('cmird6iu40042fpumtdt8vdqt','cmibvu39o009ggz7mx3nwghle','cmibvu3b600asgz7mb6v7co43','cmibvu3g200eigz7m6w8593gl',14,'STAY','2025-12-04 11:40:18.268'),('cmird6iu40044fpumdesm6b8c','cmibvu39e0096gz7mzbrsz8gd','cmibvu3b600asgz7mb6v7co43','cmibvu3g200eigz7m6w8593gl',15,'STAY','2025-12-04 11:40:18.269');
/*!40000 ALTER TABLE `player_group_history` ENABLE KEYS */;
UNLOCK TABLES;

--
-- Table structure for table `player_season_stats`
--

DROP TABLE IF EXISTS `player_season_stats`;
/*!40101 SET @saved_cs_client     = @@character_set_client */;
/*!50503 SET character_set_client = utf8mb4 */;
CREATE TABLE `player_season_stats` (
  `id` varchar(191) COLLATE utf8mb4_unicode_ci NOT NULL,
  `playerId` varchar(191) COLLATE utf8mb4_unicode_ci NOT NULL,
  `seasonId` varchar(191) COLLATE utf8mb4_unicode_ci NOT NULL,
  `groupId` varchar(191) COLLATE utf8mb4_unicode_ci DEFAULT NULL,
  `wins` int NOT NULL DEFAULT '0',
  `losses` int NOT NULL DEFAULT '0',
  `setsWon` int NOT NULL DEFAULT '0',
  `setsLost` int NOT NULL DEFAULT '0',
  `injuries` int NOT NULL DEFAULT '0',
  `winRate` double NOT NULL DEFAULT '0',
  `setDiff` int NOT NULL DEFAULT '0',
  `createdAt` datetime(3) NOT NULL DEFAULT CURRENT_TIMESTAMP(3),
  `updatedAt` datetime(3) NOT NULL,
  PRIMARY KEY (`id`),
  UNIQUE KEY `player_season_stats_playerId_seasonId_key` (`playerId`,`seasonId`),
  KEY `player_season_stats_seasonId_idx` (`seasonId`),
  KEY `player_season_stats_groupId_idx` (`groupId`),
  CONSTRAINT `player_season_stats_groupId_fkey` FOREIGN KEY (`groupId`) REFERENCES `groups` (`id`) ON DELETE SET NULL ON UPDATE CASCADE,
  CONSTRAINT `player_season_stats_playerId_fkey` FOREIGN KEY (`playerId`) REFERENCES `players` (`id`) ON DELETE CASCADE ON UPDATE CASCADE,
  CONSTRAINT `player_season_stats_seasonId_fkey` FOREIGN KEY (`seasonId`) REFERENCES `seasons` (`id`) ON DELETE CASCADE ON UPDATE CASCADE
) ENGINE=InnoDB DEFAULT CHARSET=utf8mb4 COLLATE=utf8mb4_unicode_ci;
/*!40101 SET character_set_client = @saved_cs_client */;

--
-- Dumping data for table `player_season_stats`
--

LOCK TABLES `player_season_stats` WRITE;
/*!40000 ALTER TABLE `player_season_stats` DISABLE KEYS */;
/*!40000 ALTER TABLE `player_season_stats` ENABLE KEYS */;
UNLOCK TABLES;

--
-- Table structure for table `players`
--

DROP TABLE IF EXISTS `players`;
/*!40101 SET @saved_cs_client     = @@character_set_client */;
/*!50503 SET character_set_client = utf8mb4 */;
CREATE TABLE `players` (
  `id` varchar(191) COLLATE utf8mb4_unicode_ci NOT NULL,
  `userId` varchar(191) COLLATE utf8mb4_unicode_ci NOT NULL,
  `name` varchar(191) COLLATE utf8mb4_unicode_ci NOT NULL,
  `nickname` varchar(191) COLLATE utf8mb4_unicode_ci DEFAULT NULL,
  `phone` varchar(191) COLLATE utf8mb4_unicode_ci DEFAULT NULL,
  `email` varchar(191) COLLATE utf8mb4_unicode_ci DEFAULT NULL,
  `createdAt` datetime(3) NOT NULL DEFAULT CURRENT_TIMESTAMP(3),
  `updatedAt` datetime(3) NOT NULL,
  PRIMARY KEY (`id`),
  UNIQUE KEY `players_userId_key` (`userId`),
  CONSTRAINT `players_userId_fkey` FOREIGN KEY (`userId`) REFERENCES `users` (`id`) ON DELETE CASCADE ON UPDATE CASCADE
) ENGINE=InnoDB DEFAULT CHARSET=utf8mb4 COLLATE=utf8mb4_unicode_ci;
/*!40101 SET character_set_client = @saved_cs_client */;

--
-- Dumping data for table `players`
--

LOCK TABLES `players` WRITE;
/*!40000 ALTER TABLE `players` DISABLE KEYS */;
INSERT INTO `players` VALUES ('cmibvu2xx0006gz7mv9zrcymp','cmibvu2xu0004gz7mxs9ws40l','Oier Quesada','','666666666','oier.quesada.example@freesquash.com','2025-11-23 15:38:11.685','2025-12-04 11:41:04.670'),('cmibvu2y5000bgz7mti9dvc58','cmibvu2y30009gz7mnubhl31k','Santi Tobias',NULL,NULL,'santi.tobias.example@freesquash.com','2025-11-23 15:38:11.694','2025-12-04 11:41:04.685'),('cmibvu2yd000ggz7m9i7nfsfm','cmibvu2yb000egz7mh0ks4zxw','Jon Toa',NULL,NULL,'jon.toa.example@freesquash.com','2025-11-23 15:38:11.702','2025-12-04 11:41:04.668'),('cmibvu2yk000lgz7mzpume44l','cmibvu2yh000jgz7mw7b7d0on','Aitor Garca',NULL,NULL,'aitor.garca.example@freesquash.com','2025-11-23 15:38:11.709','2025-11-23 15:38:11.709'),('cmibvu2ys000qgz7mf2syi88f','cmibvu2yp000ogz7mxb8pf7zs','David Gancedo',NULL,NULL,'david.gancedo.example@freesquash.com','2025-11-23 15:38:11.716','2025-12-04 11:41:04.677'),('cmibvu2z3000vgz7mswkprtg3','cmibvu2yz000tgz7manf4r2z8','Bikendi Otlora',NULL,NULL,'bikendi.otlora.example@freesquash.com','2025-11-23 15:38:11.727','2025-11-23 15:38:11.727'),('cmibvu2zd0010gz7mq8zwk3g0','cmibvu2z9000ygz7moyr8hh2y','Itzel Reguero',NULL,NULL,'itzel.reguero.example@freesquash.com','2025-11-23 15:38:11.737','2025-11-23 15:38:11.737'),('cmibvu2zm0015gz7mjfdwearb','cmibvu2zk0013gz7ml1buhmq3','Iigo Alonso',NULL,NULL,'iigo.alonso.example@freesquash.com','2025-11-23 15:38:11.747','2025-11-23 15:38:11.747'),('cmibvu303001cgz7m6oel93va','cmibvu2zz001agz7m8pq0j526','Cesar Berganzo',NULL,NULL,'cesar.berganzo.example@freesquash.com','2025-11-23 15:38:11.763','2025-12-04 11:41:04.674'),('cmibvu30e001hgz7mna4s4zw7','cmibvu30a001fgz7mbcd9u32s','Eneko Izquierdo',NULL,NULL,'eneko.izquierdo.example@freesquash.com','2025-11-23 15:38:11.774','2025-11-23 15:38:11.774'),('cmibvu30p001mgz7m1dzrd143','cmibvu30l001kgz7m37o9x0az','Javier Pacheco',NULL,NULL,'javier.pacheco.example@freesquash.com','2025-11-23 15:38:11.785','2025-12-04 11:40:18.168'),('cmibvu30x001rgz7m76raqbrk','cmibvu30v001pgz7ml34vyzwe','Alexander Egido',NULL,NULL,'alexander.egido.example@freesquash.com','2025-11-23 15:38:11.793','2025-12-04 11:40:18.165'),('cmibvu314001wgz7m6uqewand','cmibvu311001ugz7m0vlq66cl','Javier Guinea',NULL,NULL,'javier.guinea.example@freesquash.com','2025-11-23 15:38:11.801','2025-12-04 11:40:18.181'),('cmibvu31d0021gz7m7vtftzi4','cmibvu31b001zgz7mei8ooc1x','Eneko Uriarte',NULL,NULL,'eneko.uriarte.example@freesquash.com','2025-11-23 15:38:11.810','2025-11-23 15:38:11.810'),('cmibvu31m0026gz7mr4a29vht','cmibvu31j0024gz7m5ool1pus','Gari Surez',NULL,NULL,'gari.surez.example@freesquash.com','2025-11-23 15:38:11.819','2025-12-04 11:41:04.693'),('cmibvu31v002bgz7m63pip6pq','cmibvu31s0029gz7mwtywbo95','Pedro A. Garca',NULL,NULL,'pedro.a..garca.example@freesquash.com','2025-11-23 15:38:11.827','2025-11-23 15:38:11.827'),('cmibvu326002igz7mr4efrwm8','cmibvu323002ggz7mq2hho3c0','Javier Crespo',NULL,NULL,'javier.crespo.example@freesquash.com','2025-11-23 15:38:11.838','2025-11-23 15:38:11.838'),('cmibvu32c002ngz7mctqwi3la','cmibvu32a002lgz7mkvwpki8a','Ruben Garca',NULL,NULL,'ruben.garca.example@freesquash.com','2025-11-23 15:38:11.845','2025-12-04 11:40:18.195'),('cmibvu32i002sgz7md9rvjwav','cmibvu32g002qgz7mez7g5vef','Enrique Oquiena',NULL,NULL,'enrique.oquiena.example@freesquash.com','2025-11-23 15:38:11.850','2025-12-04 11:40:18.184'),('cmibvu32o002xgz7mofmvu4ve','cmibvu32m002vgz7mjarvm372','Vicente Avila',NULL,NULL,'vicente.avila.example@freesquash.com','2025-11-23 15:38:11.856','2025-12-04 11:41:04.688'),('cmibvu32t0032gz7mwxp64rx3','cmibvu32r0030gz7mr0dacfg8','Hctor Velasco',NULL,NULL,'hctor.velasco.example@freesquash.com','2025-11-23 15:38:11.861','2025-11-23 15:38:11.861'),('cmibvu3300037gz7mbw67y5tj','cmibvu32y0035gz7mut530j2v','Jon Barrena',NULL,NULL,'jon.barrena.example@freesquash.com','2025-11-23 15:38:11.869','2025-12-04 11:41:04.702'),('cmibvu336003cgz7my419e328','cmibvu334003agz7mi22ps0pw','Sergio Barqun',NULL,NULL,'sergio.barqun.example@freesquash.com','2025-11-23 15:38:11.874','2025-12-04 11:40:18.197'),('cmibvu33c003hgz7muyhkqoqv','cmibvu33a003fgz7mzm3fj1dv','Asier Renobales',NULL,NULL,'asier.renobales.example@freesquash.com','2025-11-23 15:38:11.880','2025-12-04 11:41:04.690'),('cmibvu33k003ogz7m4woddt3w','cmibvu33i003mgz7miqqgphz8','Luis M. Rodrguez',NULL,NULL,'luis.m..rodrguez.example@freesquash.com','2025-11-23 15:38:11.888','2025-11-23 15:38:11.888'),('cmibvu33q003tgz7muoobynci','cmibvu33o003rgz7mym3dx50q','Sergio Basconcillos',NULL,NULL,'sergio.basconcillos.example@freesquash.com','2025-11-23 15:38:11.894','2025-12-04 11:41:04.704'),('cmibvu33w003ygz7mmtzzuzxp','cmibvu33v003wgz7mo4cmty6t','Iker Estibariz',NULL,NULL,'iker.estibariz.example@freesquash.com','2025-11-23 15:38:11.901','2025-12-04 11:40:18.199'),('cmibvu3420043gz7mg1whb8zj','cmibvu3410041gz7mua2bwjjb','Iigo Ullibarri',NULL,NULL,'iigo.ullibarri.example@freesquash.com','2025-11-23 15:38:11.907','2025-11-23 15:38:11.907'),('cmibvu3480048gz7mz6l0fub2','cmibvu3460046gz7m41bnaybz','Aritz Ruiz de Azua',NULL,NULL,'aritz.ruiz.de.azua.example@freesquash.com','2025-11-23 15:38:11.913','2025-12-04 11:40:18.211'),('cmibvu34e004dgz7mad7pju7y','cmibvu34c004bgz7m1riigjbj','Yeray Olgado',NULL,NULL,'yeray.olgado.example@freesquash.com','2025-11-23 15:38:11.918','2025-12-04 11:41:04.729'),('cmibvu34k004igz7mh4bsqrsz','cmibvu34i004ggz7muewrd27g','Alberto Garca S.m',NULL,NULL,'alberto.garca.s.m.example@freesquash.com','2025-11-23 15:38:11.925','2025-12-04 11:41:04.706'),('cmibvu34p004ngz7mmpfo0ykp','cmibvu34o004lgz7m75312eij','Javier Uribe',NULL,NULL,'javier.uribe.example@freesquash.com','2025-11-23 15:38:11.930','2025-12-04 11:40:18.213'),('cmibvu34v004sgz7ms57afh63','cmibvu34t004qgz7mzxpuwjjh','Urtzi Diaz',NULL,NULL,'urtzi.diaz.example@freesquash.com','2025-11-23 15:38:11.936','2025-12-04 11:41:04.726'),('cmibvu353004zgz7mlhf1ybj7','cmibvu351004xgz7mjbu11lzc','Antonio Perez',NULL,NULL,'antonio.perez.example@freesquash.com','2025-11-23 15:38:11.943','2025-12-04 11:41:04.734'),('cmibvu3580054gz7mzgql3jh6','cmibvu3570052gz7mkrbva86g','Fernando Alonso',NULL,NULL,'fernando.alonso.example@freesquash.com','2025-11-23 15:38:11.949','2025-12-04 11:40:18.217'),('cmibvu35e0059gz7mjia8ocyg','cmibvu35c0057gz7mub0oot3w','Miguel Ricarte',NULL,NULL,'miguel.ricarte.example@freesquash.com','2025-11-23 15:38:11.955','2025-12-04 11:41:04.745'),('cmibvu35k005egz7mjmt18fbk','cmibvu35i005cgz7m4eju0ll1','Javier Fuente',NULL,NULL,'javier.fuente.example@freesquash.com','2025-11-23 15:38:11.961','2025-11-23 15:38:11.961'),('cmibvu35q005jgz7mi1m4wlcz','cmibvu35o005hgz7m4lh0igkk','Vctor Cirre',NULL,NULL,'vctor.cirre.example@freesquash.com','2025-11-23 15:38:11.967','2025-12-04 11:41:04.756'),('cmibvu35x005ogz7m8vxu0zh1','cmibvu35u005mgz7mmocmzbw1','Ander Leyn',NULL,NULL,'ander.leyn.example@freesquash.com','2025-11-23 15:38:11.973','2025-12-04 11:41:04.732'),('cmibvu366005tgz7mqrlyc502','cmibvu363005rgz7m27ih7eqk','Aratz Mugica',NULL,NULL,'aratz.mugica.example@freesquash.com','2025-11-23 15:38:11.982','2025-12-04 11:41:04.714'),('cmibvu36c005ygz7m9j8cs5xr','cmibvu36a005wgz7mhohp8xsk','Patxi Minguez',NULL,NULL,'patxi.minguez.example@freesquash.com','2025-11-23 15:38:11.989','2025-12-04 11:41:04.747'),('cmibvu36j0063gz7mk1gt2mta','cmibvu36g0061gz7mff835amn','Jon Ander Calleja',NULL,NULL,'jon.ander.calleja.example@freesquash.com','2025-11-23 15:38:11.995','2025-12-04 11:40:18.227'),('cmibvu36q006agz7mrqv6k1hr','cmibvu36o0068gz7mcjvyocsy','Alberto Garca Alvaro',NULL,NULL,'alberto.garca.alvaro.example@freesquash.com','2025-11-23 15:38:12.003','2025-12-04 11:40:18.242'),('cmibvu36x006fgz7meleaqrw6','cmibvu36v006dgz7m3y3gg1d0','Mikel Fernandez',NULL,NULL,'mikel.fernandez.example@freesquash.com','2025-11-23 15:38:12.009','2025-12-04 11:40:18.241'),('cmibvu372006kgz7m2haaxtz9','cmibvu371006igz7mfv58h5gx','Gorka Ramirez',NULL,NULL,'gorka.ramirez.example@freesquash.com','2025-11-23 15:38:12.015','2025-12-04 11:40:18.230'),('cmibvu378006pgz7mh104fdxb','cmibvu376006ngz7mtnlqxfb1','Jos Andrs Gil',NULL,NULL,'jos.andrs.gil.example@freesquash.com','2025-11-23 15:38:12.020','2025-12-04 11:40:18.234'),('cmibvu37c006ugz7mrbk10060','cmibvu37b006sgz7mw7rr80mz','Axier Plaza',NULL,NULL,'axier.plaza.example@freesquash.com','2025-11-23 15:38:12.025','2025-11-23 15:38:12.025'),('cmibvu37g006zgz7mmusf1bli','cmibvu37f006xgz7mw5xmt4a0','Asier Etxenike',NULL,NULL,'asier.etxenike.example@freesquash.com','2025-11-23 15:38:12.029','2025-12-04 11:41:04.750'),('cmibvu37l0074gz7mtpqc8c6l','cmibvu37j0072gz7mvzccyu33','Enekoitz Arregi',NULL,NULL,'enekoitz.arregi.example@freesquash.com','2025-11-23 15:38:12.033','2025-11-23 15:38:12.033'),('cmibvu37p0079gz7mmww4qnzg','cmibvu37o0077gz7msva33wgc','Ricardo Alvarez',NULL,NULL,'ricardo.alvarez.example@freesquash.com','2025-11-23 15:38:12.038','2025-12-04 11:41:04.755'),('cmibvu37u007egz7maeu8b0av','cmibvu37s007cgz7m76ty3u5q','Jon Ander Errasti',NULL,NULL,'jon.ander.errasti.example@freesquash.com','2025-11-23 15:38:12.042','2025-11-23 15:38:12.042'),('cmibvu37z007lgz7mqbjrmb27','cmibvu37y007jgz7msoahvjod','Felix Martn',NULL,NULL,'felix.martn.example@freesquash.com','2025-11-23 15:38:12.048','2025-12-04 11:40:18.246'),('cmibvu384007qgz7m87dyt54k','cmibvu382007ogz7mekheksxb','igo Hernndez',NULL,NULL,'igo.hernndez.example@freesquash.com','2025-11-23 15:38:12.052','2025-12-04 11:40:18.253'),('cmibvu388007vgz7mkdo04dte','cmibvu387007tgz7mq9bn93ja','Roberto Mediavilla',NULL,NULL,'roberto.mediavilla.example@freesquash.com','2025-11-23 15:38:12.057','2025-12-04 11:41:04.766'),('cmibvu38c0080gz7micvwqq5e','cmibvu38b007ygz7mly1r3ej8','Aitor de la Fuente',NULL,NULL,'aitor.de.la.fuente.example@freesquash.com','2025-11-23 15:38:12.061','2025-12-04 11:41:04.761'),('cmibvu38h0085gz7mlx24b36c','cmibvu38f0083gz7mvy2hbud9','Chesco Angulo',NULL,NULL,'chesco.angulo.example@freesquash.com','2025-11-23 15:38:12.065','2025-11-23 15:38:12.065'),('cmibvu38m008agz7mrd1qtwae','cmibvu38k0088gz7mqmcai4qc','Ahmad F. Hamam',NULL,NULL,'ahmad.f..hamam.example@freesquash.com','2025-11-23 15:38:12.070','2025-12-04 11:41:04.748'),('cmibvu38q008fgz7m23sl42p8','cmibvu38o008dgz7m85t3a06r','Josu Jauregui',NULL,NULL,'josu.jauregui.example@freesquash.com','2025-11-23 15:38:12.074','2025-12-04 11:40:18.251'),('cmibvu38u008kgz7mbiu9uqej','cmibvu38t008igz7mmivy3khs','Asier Usunaga',NULL,NULL,'asier.usunaga.example@freesquash.com','2025-11-23 15:38:12.079','2025-11-23 15:38:12.079'),('cmibvu391008rgz7m8ys34zbw','cmibvu38z008pgz7mmy9zeuu0','David Arias',NULL,NULL,'david.arias.example@freesquash.com','2025-11-23 15:38:12.085','2025-11-23 15:38:12.085'),('cmibvu395008wgz7m1f14g1ul','cmibvu393008ugz7m66e58sv0','Cristian Chaves',NULL,NULL,'cristian.chaves.example@freesquash.com','2025-11-23 15:38:12.089','2025-12-04 11:41:04.770'),('cmibvu3990091gz7m3xx6g7hu','cmibvu398008zgz7m39z7gwsk','Aitor Alonso',NULL,NULL,'aitor.alonso.example@freesquash.com','2025-11-23 15:38:12.094','2025-12-04 11:41:04.758'),('cmibvu39e0096gz7mzbrsz8gd','cmibvu39d0094gz7mkxeyxxt3','Markel Santamara',NULL,NULL,'markel.santamara.example@freesquash.com','2025-11-23 15:38:12.099','2025-11-23 15:38:12.099'),('cmibvu39j009bgz7mjemnb1a8','cmibvu39i0099gz7m1lv5v2kf','Damin Escobero',NULL,NULL,'damin.escobero.example@freesquash.com','2025-11-23 15:38:12.104','2025-11-23 15:38:12.104'),('cmibvu39o009ggz7mx3nwghle','cmibvu39m009egz7m17oiyzoq','Julen Arejolaleiba',NULL,NULL,'julen.arejolaleiba.example@freesquash.com','2025-11-23 15:38:12.108','2025-11-23 15:38:12.108'),('cmibvu39t009lgz7mi4hiw0v9','cmibvu39r009jgz7mswlgjxd9','Jon Narvez',NULL,NULL,'jon.narvez.example@freesquash.com','2025-11-23 15:38:12.113','2025-11-23 15:38:12.113'),('cmibvu3a1009qgz7mpbb5ynw4','cmibvu39z009ogz7mbpau6fet','Iigo Viana',NULL,NULL,'iigo.viana.example@freesquash.com','2025-11-23 15:38:12.121','2025-11-23 15:38:12.121'),('cmibvu3a7009vgz7m0owqsna1','cmibvu3a5009tgz7mu79ycfxz','Guillermo Fortan',NULL,NULL,'guillermo.fortan.example@freesquash.com','2025-11-23 15:38:12.128','2025-11-23 15:38:12.128'),('cmibvu3af00a0gz7mkkplr69e','cmibvu3ac009ygz7mg0mrim1t','Juan Lopez',NULL,NULL,'juan.lopez.example@freesquash.com','2025-11-23 15:38:12.135','2025-11-23 15:38:12.135'),('cmibvu3aj00a5gz7m8o0g09se','cmibvu3ai00a3gz7mu9tsdai4','Enrique Estibariz',NULL,NULL,'enrique.estibariz.example@freesquash.com','2025-11-23 15:38:12.140','2025-11-23 15:38:12.140'),('cmibvu3ao00aagz7m04w3fnxq','cmibvu3an00a8gz7muw019t0v','Asier Barrieta',NULL,NULL,'asier.barrieta.example@freesquash.com','2025-11-23 15:38:12.145','2025-12-04 11:41:04.768'),('cmibvu3at00afgz7mjoabttef','cmibvu3as00adgz7mv1z98tzx','Simon Garca',NULL,NULL,'simon.garca.example@freesquash.com','2025-11-23 15:38:12.150','2025-12-04 11:41:04.767'),('cmibvu3ay00akgz7mogqs968t','cmibvu3ax00aigz7muq9f0jz7','Iaki Hualde',NULL,NULL,'iaki.hualde.example@freesquash.com','2025-11-23 15:38:12.155','2025-11-23 15:38:12.155'),('cmibvu3b200apgz7mlgnfpqa1','cmibvu3b100angz7m674dkvhe','Xabi Fndz. De Gaceo',NULL,NULL,'xabi.fndz..de.gaceo.example@freesquash.com','2025-11-23 15:38:12.159','2025-11-23 15:38:12.159');
/*!40000 ALTER TABLE `players` ENABLE KEYS */;
UNLOCK TABLES;

--
-- Table structure for table `promotion_records`
--

DROP TABLE IF EXISTS `promotion_records`;
/*!40101 SET @saved_cs_client     = @@character_set_client */;
/*!50503 SET character_set_client = utf8mb4 */;
CREATE TABLE `promotion_records` (
  `id` varchar(191) COLLATE utf8mb4_unicode_ci NOT NULL,
  `playerId` varchar(191) COLLATE utf8mb4_unicode_ci NOT NULL,
  `fromGroupId` varchar(191) COLLATE utf8mb4_unicode_ci DEFAULT NULL,
  `toGroupId` varchar(191) COLLATE utf8mb4_unicode_ci DEFAULT NULL,
  `movementType` enum('PROMOTION','RELEGATION','STAY') COLLATE utf8mb4_unicode_ci NOT NULL,
  `date` datetime(3) NOT NULL DEFAULT CURRENT_TIMESTAMP(3),
  `adminConfirmed` tinyint(1) NOT NULL DEFAULT '0',
  `createdAt` datetime(3) NOT NULL DEFAULT CURRENT_TIMESTAMP(3),
  `updatedAt` datetime(3) NOT NULL,
  PRIMARY KEY (`id`),
  KEY `promotion_records_playerId_idx` (`playerId`),
  KEY `promotion_records_date_idx` (`date`),
  KEY `promotion_records_fromGroupId_fkey` (`fromGroupId`),
  KEY `promotion_records_toGroupId_fkey` (`toGroupId`),
  CONSTRAINT `promotion_records_fromGroupId_fkey` FOREIGN KEY (`fromGroupId`) REFERENCES `groups` (`id`) ON DELETE SET NULL ON UPDATE CASCADE,
  CONSTRAINT `promotion_records_playerId_fkey` FOREIGN KEY (`playerId`) REFERENCES `players` (`id`) ON DELETE CASCADE ON UPDATE CASCADE,
  CONSTRAINT `promotion_records_toGroupId_fkey` FOREIGN KEY (`toGroupId`) REFERENCES `groups` (`id`) ON DELETE SET NULL ON UPDATE CASCADE
) ENGINE=InnoDB DEFAULT CHARSET=utf8mb4 COLLATE=utf8mb4_unicode_ci;
/*!40101 SET character_set_client = @saved_cs_client */;

--
-- Dumping data for table `promotion_records`
--

LOCK TABLES `promotion_records` WRITE;
/*!40000 ALTER TABLE `promotion_records` DISABLE KEYS */;
/*!40000 ALTER TABLE `promotion_records` ENABLE KEYS */;
UNLOCK TABLES;

--
-- Table structure for table `season_closure_entries`
--

DROP TABLE IF EXISTS `season_closure_entries`;
/*!40101 SET @saved_cs_client     = @@character_set_client */;
/*!50503 SET character_set_client = utf8mb4 */;
CREATE TABLE `season_closure_entries` (
  `id` varchar(191) COLLATE utf8mb4_unicode_ci NOT NULL,
  `closureId` varchar(191) COLLATE utf8mb4_unicode_ci NOT NULL,
  `playerId` varchar(191) COLLATE utf8mb4_unicode_ci NOT NULL,
  `fromGroupId` varchar(191) COLLATE utf8mb4_unicode_ci DEFAULT NULL,
  `toGroupId` varchar(191) COLLATE utf8mb4_unicode_ci DEFAULT NULL,
  `movementType` enum('PROMOTION','RELEGATION','STAY') COLLATE utf8mb4_unicode_ci NOT NULL,
  `finalRank` int NOT NULL,
  `createdAt` datetime(3) NOT NULL DEFAULT CURRENT_TIMESTAMP(3),
  `matchesWon` int NOT NULL DEFAULT '0',
  PRIMARY KEY (`id`),
  KEY `season_closure_entries_closureId_idx` (`closureId`),
  KEY `season_closure_entries_playerId_idx` (`playerId`),
  KEY `season_closure_entries_fromGroupId_fkey` (`fromGroupId`),
  KEY `season_closure_entries_toGroupId_fkey` (`toGroupId`),
  CONSTRAINT `season_closure_entries_closureId_fkey` FOREIGN KEY (`closureId`) REFERENCES `season_closures` (`id`) ON DELETE CASCADE ON UPDATE CASCADE,
  CONSTRAINT `season_closure_entries_fromGroupId_fkey` FOREIGN KEY (`fromGroupId`) REFERENCES `groups` (`id`) ON DELETE SET NULL ON UPDATE CASCADE,
  CONSTRAINT `season_closure_entries_playerId_fkey` FOREIGN KEY (`playerId`) REFERENCES `players` (`id`) ON DELETE CASCADE ON UPDATE CASCADE,
  CONSTRAINT `season_closure_entries_toGroupId_fkey` FOREIGN KEY (`toGroupId`) REFERENCES `groups` (`id`) ON DELETE SET NULL ON UPDATE CASCADE
) ENGINE=InnoDB DEFAULT CHARSET=utf8mb4 COLLATE=utf8mb4_unicode_ci;
/*!40101 SET character_set_client = @saved_cs_client */;

--
-- Dumping data for table `season_closure_entries`
--

LOCK TABLES `season_closure_entries` WRITE;
/*!40000 ALTER TABLE `season_closure_entries` DISABLE KEYS */;
INSERT INTO `season_closure_entries` VALUES ('cmircn1a00002hr553rowu924','cmircn19w0001hr5593fuboun','cmibvu2yk000lgz7mzpume44l','cmibvu2xq0003gz7mqbiwp9ag',NULL,'STAY',1,'2025-12-04 11:25:09.049',0),('cmircn1a00003hr55140d941h','cmircn19w0001hr5593fuboun','cmibvu2z3000vgz7mswkprtg3','cmibvu2xq0003gz7mqbiwp9ag',NULL,'STAY',2,'2025-12-04 11:25:09.049',0),('cmircn1a00004hr55yjquplhy','cmircn19w0001hr5593fuboun','cmibvu2yd000ggz7m9i7nfsfm','cmibvu2xq0003gz7mqbiwp9ag',NULL,'STAY',3,'2025-12-04 11:25:09.049',0),('cmircn1a00005hr5581pge6qz','cmircn19w0001hr5593fuboun','cmibvu2y5000bgz7mti9dvc58','cmibvu2xq0003gz7mqbiwp9ag',NULL,'STAY',4,'2025-12-04 11:25:09.049',0),('cmircn1a00006hr55yulyd8sb','cmircn19w0001hr5593fuboun','cmibvu2ys000qgz7mf2syi88f','cmibvu2xq0003gz7mqbiwp9ag',NULL,'STAY',5,'2025-12-04 11:25:09.049',0),('cmircn1a00007hr55fwl8dwuh','cmircn19w0001hr5593fuboun','cmibvu2zm0015gz7mjfdwearb','cmibvu2xq0003gz7mqbiwp9ag',NULL,'STAY',6,'2025-12-04 11:25:09.049',0),('cmircn1a00008hr55igdh0f60','cmircn19w0001hr5593fuboun','cmibvu2zd0010gz7mq8zwk3g0','cmibvu2xq0003gz7mqbiwp9ag','cmibvu2zt0019gz7mqtdw0os0','RELEGATION',7,'2025-12-04 11:25:09.049',0),('cmircn1a00009hr55dgeti92q','cmircn19w0001hr5593fuboun','cmibvu2xx0006gz7mv9zrcymp','cmibvu2xq0003gz7mqbiwp9ag','cmibvu2zt0019gz7mqtdw0os0','RELEGATION',8,'2025-12-04 11:25:09.049',0),('cmircn1a0000ahr55ejkhfswp','cmircn19w0001hr5593fuboun','cmibvu31d0021gz7m7vtftzi4','cmibvu2zt0019gz7mqtdw0os0','cmibvu2xq0003gz7mqbiwp9ag','PROMOTION',1,'2025-12-04 11:25:09.049',0),('cmircn1a0000bhr55pf79qjqw','cmircn19w0001hr5593fuboun','cmibvu31m0026gz7mr4a29vht','cmibvu2zt0019gz7mqtdw0os0','cmibvu2xq0003gz7mqbiwp9ag','PROMOTION',2,'2025-12-04 11:25:09.049',0),('cmircn1a0000chr550ccx6jr2','cmircn19w0001hr5593fuboun','cmibvu30x001rgz7m76raqbrk','cmibvu2zt0019gz7mqtdw0os0',NULL,'STAY',3,'2025-12-04 11:25:09.049',0),('cmircn1a0000dhr5594kp3dpr','cmircn19w0001hr5593fuboun','cmibvu30e001hgz7mna4s4zw7','cmibvu2zt0019gz7mqtdw0os0',NULL,'STAY',4,'2025-12-04 11:25:09.049',0),('cmircn1a0000ehr55nweifxeu','cmircn19w0001hr5593fuboun','cmibvu314001wgz7m6uqewand','cmibvu2zt0019gz7mqtdw0os0',NULL,'STAY',5,'2025-12-04 11:25:09.049',0),('cmircn1a0000fhr55zb8bp90w','cmircn19w0001hr5593fuboun','cmibvu30p001mgz7m1dzrd143','cmibvu2zt0019gz7mqtdw0os0',NULL,'STAY',6,'2025-12-04 11:25:09.049',0),('cmircn1a0000ghr55ku9955t1','cmircn19w0001hr5593fuboun','cmibvu31v002bgz7m63pip6pq','cmibvu2zt0019gz7mqtdw0os0','cmibvu320002fgz7moj17dz1c','RELEGATION',7,'2025-12-04 11:25:09.049',0),('cmircn1a0000hhr55gotmq91c','cmircn19w0001hr5593fuboun','cmibvu303001cgz7m6oel93va','cmibvu2zt0019gz7mqtdw0os0','cmibvu320002fgz7moj17dz1c','RELEGATION',8,'2025-12-04 11:25:09.049',0),('cmircn1a0000ihr55pcyc6436','cmircn19w0001hr5593fuboun','cmibvu3300037gz7mbw67y5tj','cmibvu320002fgz7moj17dz1c','cmibvu2zt0019gz7mqtdw0os0','PROMOTION',1,'2025-12-04 11:25:09.049',0),('cmircn1a0000jhr55wc6x79mm','cmircn19w0001hr5593fuboun','cmibvu32i002sgz7md9rvjwav','cmibvu320002fgz7moj17dz1c','cmibvu2zt0019gz7mqtdw0os0','PROMOTION',2,'2025-12-04 11:25:09.049',0),('cmircn1a0000khr55uauohnrd','cmircn19w0001hr5593fuboun','cmibvu326002igz7mr4efrwm8','cmibvu320002fgz7moj17dz1c',NULL,'STAY',3,'2025-12-04 11:25:09.049',0),('cmircn1a0000lhr55ujf200zi','cmircn19w0001hr5593fuboun','cmibvu32c002ngz7mctqwi3la','cmibvu320002fgz7moj17dz1c',NULL,'STAY',4,'2025-12-04 11:25:09.049',0),('cmircn1a0000mhr55bjl01cvh','cmircn19w0001hr5593fuboun','cmibvu33c003hgz7muyhkqoqv','cmibvu320002fgz7moj17dz1c',NULL,'STAY',5,'2025-12-04 11:25:09.049',0),('cmircn1a0000nhr55mvc20d3j','cmircn19w0001hr5593fuboun','cmibvu32t0032gz7mwxp64rx3','cmibvu320002fgz7moj17dz1c',NULL,'STAY',6,'2025-12-04 11:25:09.049',0),('cmircn1a0000ohr557lrmq78v','cmircn19w0001hr5593fuboun','cmibvu336003cgz7my419e328','cmibvu320002fgz7moj17dz1c','cmibvu33g003lgz7m8d5n153b','RELEGATION',7,'2025-12-04 11:25:09.049',0),('cmircn1a0000phr55bjwj2oc4','cmircn19w0001hr5593fuboun','cmibvu32o002xgz7mofmvu4ve','cmibvu320002fgz7moj17dz1c','cmibvu33g003lgz7m8d5n153b','RELEGATION',8,'2025-12-04 11:25:09.049',0),('cmircn1a0000qhr55ywce8vuv','cmircn19w0001hr5593fuboun','cmibvu34k004igz7mh4bsqrsz','cmibvu33g003lgz7m8d5n153b','cmibvu320002fgz7moj17dz1c','PROMOTION',1,'2025-12-04 11:25:09.049',0),('cmircn1a0000rhr55mcaxrpnd','cmircn19w0001hr5593fuboun','cmibvu33k003ogz7m4woddt3w','cmibvu33g003lgz7m8d5n153b','cmibvu320002fgz7moj17dz1c','PROMOTION',2,'2025-12-04 11:25:09.049',0),('cmircn1a0000shr55zybv0nn6','cmircn19w0001hr5593fuboun','cmibvu34e004dgz7mad7pju7y','cmibvu33g003lgz7m8d5n153b',NULL,'STAY',3,'2025-12-04 11:25:09.049',0),('cmircn1a0000thr55na4kanfk','cmircn19w0001hr5593fuboun','cmibvu34p004ngz7mmpfo0ykp','cmibvu33g003lgz7m8d5n153b',NULL,'STAY',4,'2025-12-04 11:25:09.049',0),('cmircn1a0000uhr55hntson67','cmircn19w0001hr5593fuboun','cmibvu3480048gz7mz6l0fub2','cmibvu33g003lgz7m8d5n153b',NULL,'STAY',5,'2025-12-04 11:25:09.049',0),('cmircn1a0000vhr55o99010x9','cmircn19w0001hr5593fuboun','cmibvu33w003ygz7mmtzzuzxp','cmibvu33g003lgz7m8d5n153b',NULL,'STAY',6,'2025-12-04 11:25:09.049',0),('cmircn1a0000whr55kdx043tm','cmircn19w0001hr5593fuboun','cmibvu3420043gz7mg1whb8zj','cmibvu33g003lgz7m8d5n153b',NULL,'STAY',7,'2025-12-04 11:25:09.049',0),('cmircn1a0000xhr55gacsml96','cmircn19w0001hr5593fuboun','cmibvu33q003tgz7muoobynci','cmibvu33g003lgz7m8d5n153b','cmibvu34z004wgz7mejfobg9r','RELEGATION',8,'2025-12-04 11:25:09.049',0),('cmircn1a0000yhr55bz0f89xb','cmircn19w0001hr5593fuboun','cmibvu34v004sgz7ms57afh63','cmibvu33g003lgz7m8d5n153b','cmibvu34z004wgz7mejfobg9r','RELEGATION',9,'2025-12-04 11:25:09.049',0),('cmircn1a1000zhr556wcc29ke','cmircn19w0001hr5593fuboun','cmibvu35e0059gz7mjia8ocyg','cmibvu34z004wgz7mejfobg9r','cmibvu33g003lgz7m8d5n153b','PROMOTION',1,'2025-12-04 11:25:09.049',0),('cmircn1a10010hr55w5x9npt8','cmircn19w0001hr5593fuboun','cmibvu353004zgz7mlhf1ybj7','cmibvu34z004wgz7mejfobg9r','cmibvu33g003lgz7m8d5n153b','PROMOTION',2,'2025-12-04 11:25:09.049',0),('cmircn1a10011hr55yqctvwte','cmircn19w0001hr5593fuboun','cmibvu366005tgz7mqrlyc502','cmibvu34z004wgz7mejfobg9r',NULL,'STAY',3,'2025-12-04 11:25:09.049',0),('cmircn1a10012hr55kici4kcn','cmircn19w0001hr5593fuboun','cmibvu35q005jgz7mi1m4wlcz','cmibvu34z004wgz7mejfobg9r',NULL,'STAY',4,'2025-12-04 11:25:09.049',0),('cmircn1a10013hr55wm67n87g','cmircn19w0001hr5593fuboun','cmibvu35x005ogz7m8vxu0zh1','cmibvu34z004wgz7mejfobg9r',NULL,'STAY',5,'2025-12-04 11:25:09.049',0),('cmircn1a10014hr55kx8ha939','cmircn19w0001hr5593fuboun','cmibvu3580054gz7mzgql3jh6','cmibvu34z004wgz7mejfobg9r',NULL,'STAY',6,'2025-12-04 11:25:09.049',0),('cmircn1a10015hr5597doimws','cmircn19w0001hr5593fuboun','cmibvu35k005egz7mjmt18fbk','cmibvu34z004wgz7mejfobg9r',NULL,'STAY',7,'2025-12-04 11:25:09.049',0),('cmircn1a10016hr55mynftrjo','cmircn19w0001hr5593fuboun','cmibvu36j0063gz7mk1gt2mta','cmibvu34z004wgz7mejfobg9r','cmibvu36m0067gz7mdbn1sihj','RELEGATION',8,'2025-12-04 11:25:09.049',0),('cmircn1a10017hr55bfmvf5ig','cmircn19w0001hr5593fuboun','cmibvu36c005ygz7m9j8cs5xr','cmibvu34z004wgz7mejfobg9r','cmibvu36m0067gz7mdbn1sihj','RELEGATION',9,'2025-12-04 11:25:09.049',0),('cmircn1a10018hr55tanyex4v','cmircn19w0001hr5593fuboun','cmibvu37u007egz7maeu8b0av','cmibvu36m0067gz7mdbn1sihj','cmibvu34z004wgz7mejfobg9r','PROMOTION',1,'2025-12-04 11:25:09.049',0),('cmircn1a10019hr55mya027c8','cmircn19w0001hr5593fuboun','cmibvu37g006zgz7mmusf1bli','cmibvu36m0067gz7mdbn1sihj','cmibvu34z004wgz7mejfobg9r','PROMOTION',2,'2025-12-04 11:25:09.049',0),('cmircn1a1001ahr55bsbrap1r','cmircn19w0001hr5593fuboun','cmibvu36x006fgz7meleaqrw6','cmibvu36m0067gz7mdbn1sihj',NULL,'STAY',3,'2025-12-04 11:25:09.049',0),('cmircn1a1001bhr55unfht20w','cmircn19w0001hr5593fuboun','cmibvu36q006agz7mrqv6k1hr','cmibvu36m0067gz7mdbn1sihj',NULL,'STAY',4,'2025-12-04 11:25:09.049',0),('cmircn1a1001chr55ibdwy554','cmircn19w0001hr5593fuboun','cmibvu37l0074gz7mtpqc8c6l','cmibvu36m0067gz7mdbn1sihj',NULL,'STAY',5,'2025-12-04 11:25:09.049',0),('cmircn1a1001dhr55q0fm2kce','cmircn19w0001hr5593fuboun','cmibvu372006kgz7m2haaxtz9','cmibvu36m0067gz7mdbn1sihj',NULL,'STAY',6,'2025-12-04 11:25:09.049',0),('cmircn1a1001ehr55dwgmebkn','cmircn19w0001hr5593fuboun','cmibvu378006pgz7mh104fdxb','cmibvu36m0067gz7mdbn1sihj',NULL,'STAY',7,'2025-12-04 11:25:09.049',0),('cmircn1a1001fhr55aodte48x','cmircn19w0001hr5593fuboun','cmibvu37p0079gz7mmww4qnzg','cmibvu36m0067gz7mdbn1sihj','cmibvu37x007igz7mterb4iui','RELEGATION',8,'2025-12-04 11:25:09.049',0),('cmircn1a1001ghr55hcl7hvol','cmircn19w0001hr5593fuboun','cmibvu37c006ugz7mrbk10060','cmibvu36m0067gz7mdbn1sihj','cmibvu37x007igz7mterb4iui','RELEGATION',9,'2025-12-04 11:25:09.049',0),('cmircn1a1001hhr55kyffn23t','cmircn19w0001hr5593fuboun','cmibvu37z007lgz7mqbjrmb27','cmibvu37x007igz7mterb4iui','cmibvu36m0067gz7mdbn1sihj','PROMOTION',1,'2025-12-04 11:25:09.049',0),('cmircn1a1001ihr55rnx2abz4','cmircn19w0001hr5593fuboun','cmibvu38c0080gz7micvwqq5e','cmibvu37x007igz7mterb4iui','cmibvu36m0067gz7mdbn1sihj','PROMOTION',2,'2025-12-04 11:25:09.049',0),('cmircn1a1001jhr55jg69sqe3','cmircn19w0001hr5593fuboun','cmibvu38u008kgz7mbiu9uqej','cmibvu37x007igz7mterb4iui',NULL,'STAY',3,'2025-12-04 11:25:09.049',0),('cmircn1a1001khr55ax3o2nst','cmircn19w0001hr5593fuboun','cmibvu384007qgz7m87dyt54k','cmibvu37x007igz7mterb4iui',NULL,'STAY',4,'2025-12-04 11:25:09.049',0),('cmircn1a1001lhr55huqlw4x4','cmircn19w0001hr5593fuboun','cmibvu38m008agz7mrd1qtwae','cmibvu37x007igz7mterb4iui',NULL,'STAY',5,'2025-12-04 11:25:09.049',0),('cmircn1a1001mhr5553j8tdp1','cmircn19w0001hr5593fuboun','cmibvu38h0085gz7mlx24b36c','cmibvu37x007igz7mterb4iui',NULL,'STAY',6,'2025-12-04 11:25:09.049',0),('cmircn1a1001nhr55oqbb633h','cmircn19w0001hr5593fuboun','cmibvu38q008fgz7m23sl42p8','cmibvu37x007igz7mterb4iui','cmibvu38x008ogz7mbejmhulo','RELEGATION',7,'2025-12-04 11:25:09.049',0),('cmircn1a1001ohr55tfpgzg3n','cmircn19w0001hr5593fuboun','cmibvu388007vgz7mkdo04dte','cmibvu37x007igz7mterb4iui','cmibvu38x008ogz7mbejmhulo','RELEGATION',8,'2025-12-04 11:25:09.049',0),('cmircn1a1001phr55c8cyg2ao','cmircn19w0001hr5593fuboun','cmibvu3at00afgz7mjoabttef','cmibvu38x008ogz7mbejmhulo','cmibvu37x007igz7mterb4iui','PROMOTION',1,'2025-12-04 11:25:09.049',0),('cmircn1a1001qhr555wgfpdc2','cmircn19w0001hr5593fuboun','cmibvu3a7009vgz7m0owqsna1','cmibvu38x008ogz7mbejmhulo','cmibvu37x007igz7mterb4iui','PROMOTION',2,'2025-12-04 11:25:09.049',0),('cmircn1a1001rhr55bm0lwxxf','cmircn19w0001hr5593fuboun','cmibvu39e0096gz7mzbrsz8gd','cmibvu38x008ogz7mbejmhulo',NULL,'STAY',3,'2025-12-04 11:25:09.049',0),('cmircn1a1001shr5578jsdvfy','cmircn19w0001hr5593fuboun','cmibvu391008rgz7m8ys34zbw','cmibvu38x008ogz7mbejmhulo',NULL,'STAY',4,'2025-12-04 11:25:09.049',0),('cmircn1a1001thr555dl9uvh5','cmircn19w0001hr5593fuboun','cmibvu3ay00akgz7mogqs968t','cmibvu38x008ogz7mbejmhulo',NULL,'STAY',5,'2025-12-04 11:25:09.049',0),('cmircn1a1001uhr551mnfzaoe','cmircn19w0001hr5593fuboun','cmibvu3990091gz7m3xx6g7hu','cmibvu38x008ogz7mbejmhulo',NULL,'STAY',6,'2025-12-04 11:25:09.049',0),('cmircn1a1001vhr55pkg3822a','cmircn19w0001hr5593fuboun','cmibvu3ao00aagz7m04w3fnxq','cmibvu38x008ogz7mbejmhulo',NULL,'STAY',7,'2025-12-04 11:25:09.049',0),('cmircn1a1001whr55qcugc0xr','cmircn19w0001hr5593fuboun','cmibvu395008wgz7m1f14g1ul','cmibvu38x008ogz7mbejmhulo',NULL,'STAY',8,'2025-12-04 11:25:09.049',0),('cmircn1a1001xhr55etowo130','cmircn19w0001hr5593fuboun','cmibvu39j009bgz7mjemnb1a8','cmibvu38x008ogz7mbejmhulo',NULL,'STAY',9,'2025-12-04 11:25:09.049',0),('cmircn1a1001yhr55rnqsiqo2','cmircn19w0001hr5593fuboun','cmibvu3aj00a5gz7m8o0g09se','cmibvu38x008ogz7mbejmhulo',NULL,'STAY',10,'2025-12-04 11:25:09.049',0),('cmircn1a1001zhr55dp70qpat','cmircn19w0001hr5593fuboun','cmibvu3a1009qgz7mpbb5ynw4','cmibvu38x008ogz7mbejmhulo',NULL,'STAY',11,'2025-12-04 11:25:09.049',0),('cmircn1a10020hr55veet3uq8','cmircn19w0001hr5593fuboun','cmibvu3af00a0gz7mkkplr69e','cmibvu38x008ogz7mbejmhulo',NULL,'STAY',12,'2025-12-04 11:25:09.049',0),('cmircn1a10021hr55mvspozxi','cmircn19w0001hr5593fuboun','cmibvu39o009ggz7mx3nwghle','cmibvu38x008ogz7mbejmhulo',NULL,'STAY',13,'2025-12-04 11:25:09.049',0),('cmircn1a10022hr55ewdz383g','cmircn19w0001hr5593fuboun','cmibvu3b200apgz7mlgnfpqa1','cmibvu38x008ogz7mbejmhulo',NULL,'STAY',14,'2025-12-04 11:25:09.049',0),('cmircn1a10023hr55fx62q42k','cmircn19w0001hr5593fuboun','cmibvu39t009lgz7mi4hiw0v9','cmibvu38x008ogz7mbejmhulo',NULL,'STAY',15,'2025-12-04 11:25:09.049',0),('cmircr54h0026hr55908xy6tr','cmircr5490025hr55q6z276jk','cmibvu2ys000qgz7mf2syi88f','cmibvu3ih00grgz7moe3dtlkd',NULL,'STAY',1,'2025-12-04 11:28:20.658',0),('cmircr54h0027hr5509oaoo42','cmircr5490025hr55q6z276jk','cmibvu2y5000bgz7mti9dvc58','cmibvu3ih00grgz7moe3dtlkd',NULL,'STAY',2,'2025-12-04 11:28:20.658',0),('cmircr54h0028hr55izzy0itk','cmircr5490025hr55q6z276jk','cmibvu2zm0015gz7mjfdwearb','cmibvu3ih00grgz7moe3dtlkd',NULL,'STAY',3,'2025-12-04 11:28:20.658',0),('cmircr54h0029hr55aj4wo0vb','cmircr5490025hr55q6z276jk','cmibvu2yd000ggz7m9i7nfsfm','cmibvu3ih00grgz7moe3dtlkd',NULL,'STAY',4,'2025-12-04 11:28:20.658',0),('cmircr54h002ahr55528kag8j','cmircr5490025hr55q6z276jk','cmibvu2yk000lgz7mzpume44l','cmibvu3ih00grgz7moe3dtlkd',NULL,'STAY',5,'2025-12-04 11:28:20.658',0),('cmircr54i002bhr550164xfg0','cmircr5490025hr55q6z276jk','cmibvu2z3000vgz7mswkprtg3','cmibvu3ih00grgz7moe3dtlkd',NULL,'STAY',6,'2025-12-04 11:28:20.658',0),('cmircr54i002chr55zwgfbf9n','cmircr5490025hr55q6z276jk','cmibvu2zd0010gz7mq8zwk3g0','cmibvu3ih00grgz7moe3dtlkd','cmibvu3j500h9gz7mgn2ffyek','RELEGATION',7,'2025-12-04 11:28:20.658',0),('cmircr54i002dhr55vstm604v','cmircr5490025hr55q6z276jk','cmibvu2xx0006gz7mv9zrcymp','cmibvu3ih00grgz7moe3dtlkd','cmibvu3j500h9gz7mgn2ffyek','RELEGATION',8,'2025-12-04 11:28:20.658',0),('cmircr54i002ehr55bxggwfwz','cmircr5490025hr55q6z276jk','cmibvu314001wgz7m6uqewand','cmibvu3j500h9gz7mgn2ffyek','cmibvu3ih00grgz7moe3dtlkd','PROMOTION',1,'2025-12-04 11:28:20.658',0),('cmircr54i002fhr55hnqq9a9w','cmircr5490025hr55q6z276jk','cmibvu30e001hgz7mna4s4zw7','cmibvu3j500h9gz7mgn2ffyek','cmibvu3ih00grgz7moe3dtlkd','PROMOTION',2,'2025-12-04 11:28:20.658',0),('cmircr54i002ghr55uo133v9j','cmircr5490025hr55q6z276jk','cmibvu31v002bgz7m63pip6pq','cmibvu3j500h9gz7mgn2ffyek',NULL,'STAY',3,'2025-12-04 11:28:20.658',0),('cmircr54i002hhr55pn2pc0af','cmircr5490025hr55q6z276jk','cmibvu303001cgz7m6oel93va','cmibvu3j500h9gz7mgn2ffyek',NULL,'STAY',4,'2025-12-04 11:28:20.658',0),('cmircr54i002ihr55symqzrx6','cmircr5490025hr55q6z276jk','cmibvu30p001mgz7m1dzrd143','cmibvu3j500h9gz7mgn2ffyek',NULL,'STAY',5,'2025-12-04 11:28:20.658',0),('cmircr54i002jhr554ykzzf72','cmircr5490025hr55q6z276jk','cmibvu31d0021gz7m7vtftzi4','cmibvu3j500h9gz7mgn2ffyek',NULL,'STAY',6,'2025-12-04 11:28:20.658',0),('cmircr54i002khr55k9nz0br6','cmircr5490025hr55q6z276jk','cmibvu31m0026gz7mr4a29vht','cmibvu3j500h9gz7mgn2ffyek','cmibvu3js00hrgz7m117tr1c9','RELEGATION',7,'2025-12-04 11:28:20.658',0),('cmircr54i002lhr55v3ttmxcm','cmircr5490025hr55q6z276jk','cmibvu30x001rgz7m76raqbrk','cmibvu3j500h9gz7mgn2ffyek','cmibvu3js00hrgz7m117tr1c9','RELEGATION',8,'2025-12-04 11:28:20.658',0),('cmircr54i002mhr55072sxtm0','cmircr5490025hr55q6z276jk','cmibvu3300037gz7mbw67y5tj','cmibvu3js00hrgz7m117tr1c9','cmibvu3j500h9gz7mgn2ffyek','PROMOTION',1,'2025-12-04 11:28:20.658',0),('cmircr54i002nhr556ybfxxww','cmircr5490025hr55q6z276jk','cmibvu326002igz7mr4efrwm8','cmibvu3js00hrgz7m117tr1c9','cmibvu3j500h9gz7mgn2ffyek','PROMOTION',2,'2025-12-04 11:28:20.658',0),('cmircr54i002ohr55p39ilezp','cmircr5490025hr55q6z276jk','cmibvu336003cgz7my419e328','cmibvu3js00hrgz7m117tr1c9',NULL,'STAY',3,'2025-12-04 11:28:20.658',0),('cmircr54i002phr55hxe8ww1i','cmircr5490025hr55q6z276jk','cmibvu32i002sgz7md9rvjwav','cmibvu3js00hrgz7m117tr1c9',NULL,'STAY',4,'2025-12-04 11:28:20.658',0),('cmircr54i002qhr55g1rylfwj','cmircr5490025hr55q6z276jk','cmibvu32c002ngz7mctqwi3la','cmibvu3js00hrgz7m117tr1c9',NULL,'STAY',5,'2025-12-04 11:28:20.658',0),('cmircr54i002rhr55zrt3l3hu','cmircr5490025hr55q6z276jk','cmibvu33c003hgz7muyhkqoqv','cmibvu3js00hrgz7m117tr1c9',NULL,'STAY',6,'2025-12-04 11:28:20.658',0),('cmircr54i002shr55dydm3d9g','cmircr5490025hr55q6z276jk','cmibvu32o002xgz7mofmvu4ve','cmibvu3js00hrgz7m117tr1c9','cmibvu3ki00i9gz7mh1yyyhgu','RELEGATION',7,'2025-12-04 11:28:20.658',0),('cmircr54i002thr55ofelkiej','cmircr5490025hr55q6z276jk','cmibvu32t0032gz7mwxp64rx3','cmibvu3js00hrgz7m117tr1c9','cmibvu3ki00i9gz7mh1yyyhgu','RELEGATION',8,'2025-12-04 11:28:20.658',0),('cmircr54i002uhr55pqlpo9j2','cmircr5490025hr55q6z276jk','cmibvu33k003ogz7m4woddt3w','cmibvu3ki00i9gz7mh1yyyhgu','cmibvu3js00hrgz7m117tr1c9','PROMOTION',1,'2025-12-04 11:28:20.658',0),('cmircr54i002vhr55a2v35c30','cmircr5490025hr55q6z276jk','cmibvu34e004dgz7mad7pju7y','cmibvu3ki00i9gz7mh1yyyhgu','cmibvu3js00hrgz7m117tr1c9','PROMOTION',2,'2025-12-04 11:28:20.658',0),('cmircr54i002whr55twxtznrx','cmircr5490025hr55q6z276jk','cmibvu3480048gz7mz6l0fub2','cmibvu3ki00i9gz7mh1yyyhgu',NULL,'STAY',3,'2025-12-04 11:28:20.658',0),('cmircr54i002xhr555w5vkd6s','cmircr5490025hr55q6z276jk','cmibvu33w003ygz7mmtzzuzxp','cmibvu3ki00i9gz7mh1yyyhgu',NULL,'STAY',4,'2025-12-04 11:28:20.658',0),('cmircr54i002yhr55xdj5pnsh','cmircr5490025hr55q6z276jk','cmibvu3420043gz7mg1whb8zj','cmibvu3ki00i9gz7mh1yyyhgu',NULL,'STAY',5,'2025-12-04 11:28:20.658',0),('cmircr54i002zhr55a3w6z724','cmircr5490025hr55q6z276jk','cmibvu33q003tgz7muoobynci','cmibvu3ki00i9gz7mh1yyyhgu',NULL,'STAY',6,'2025-12-04 11:28:20.658',0),('cmircr54i0030hr55dhimfdxl','cmircr5490025hr55q6z276jk','cmibvu34v004sgz7ms57afh63','cmibvu3ki00i9gz7mh1yyyhgu',NULL,'STAY',7,'2025-12-04 11:28:20.658',0),('cmircr54i0031hr55xtynthsu','cmircr5490025hr55q6z276jk','cmibvu34p004ngz7mmpfo0ykp','cmibvu3ki00i9gz7mh1yyyhgu','cmibvu3l900itgz7mappo5yd4','RELEGATION',8,'2025-12-04 11:28:20.658',0),('cmircr54i0032hr55539250om','cmircr5490025hr55q6z276jk','cmibvu34k004igz7mh4bsqrsz','cmibvu3ki00i9gz7mh1yyyhgu','cmibvu3l900itgz7mappo5yd4','RELEGATION',9,'2025-12-04 11:28:20.658',0),('cmircr54i0033hr557qt27mww','cmircr5490025hr55q6z276jk','cmibvu353004zgz7mlhf1ybj7','cmibvu3l900itgz7mappo5yd4','cmibvu3ki00i9gz7mh1yyyhgu','PROMOTION',1,'2025-12-04 11:28:20.658',0),('cmircr54i0034hr553jjbmbjp','cmircr5490025hr55q6z276jk','cmibvu35k005egz7mjmt18fbk','cmibvu3l900itgz7mappo5yd4','cmibvu3ki00i9gz7mh1yyyhgu','PROMOTION',2,'2025-12-04 11:28:20.658',0),('cmircr54i0035hr55cw6wo7u9','cmircr5490025hr55q6z276jk','cmibvu36c005ygz7m9j8cs5xr','cmibvu3l900itgz7mappo5yd4',NULL,'STAY',3,'2025-12-04 11:28:20.658',0),('cmircr54i0036hr55h5yrzv8w','cmircr5490025hr55q6z276jk','cmibvu366005tgz7mqrlyc502','cmibvu3l900itgz7mappo5yd4',NULL,'STAY',4,'2025-12-04 11:28:20.658',0),('cmircr54i0037hr55obo4rkrv','cmircr5490025hr55q6z276jk','cmibvu35q005jgz7mi1m4wlcz','cmibvu3l900itgz7mappo5yd4',NULL,'STAY',5,'2025-12-04 11:28:20.658',0),('cmircr54i0038hr559j7c4zrd','cmircr5490025hr55q6z276jk','cmibvu3580054gz7mzgql3jh6','cmibvu3l900itgz7mappo5yd4',NULL,'STAY',6,'2025-12-04 11:28:20.658',0),('cmircr54i0039hr55g0fpzjb8','cmircr5490025hr55q6z276jk','cmibvu35e0059gz7mjia8ocyg','cmibvu3l900itgz7mappo5yd4',NULL,'STAY',7,'2025-12-04 11:28:20.658',0),('cmircr54i003ahr555ef2uzgv','cmircr5490025hr55q6z276jk','cmibvu35x005ogz7m8vxu0zh1','cmibvu3l900itgz7mappo5yd4','cmibvu3ma00jdgz7m1ec077vo','RELEGATION',8,'2025-12-04 11:28:20.658',0),('cmircr54i003bhr55z8t82ikz','cmircr5490025hr55q6z276jk','cmibvu36j0063gz7mk1gt2mta','cmibvu3l900itgz7mappo5yd4','cmibvu3ma00jdgz7m1ec077vo','RELEGATION',9,'2025-12-04 11:28:20.658',0),('cmircr54i003chr55w0nt7yan','cmircr5490025hr55q6z276jk','cmibvu37c006ugz7mrbk10060','cmibvu3ma00jdgz7m1ec077vo','cmibvu3l900itgz7mappo5yd4','PROMOTION',1,'2025-12-04 11:28:20.658',0),('cmircr54i003dhr55j7xfx71k','cmircr5490025hr55q6z276jk','cmibvu37u007egz7maeu8b0av','cmibvu3ma00jdgz7m1ec077vo','cmibvu3l900itgz7mappo5yd4','PROMOTION',2,'2025-12-04 11:28:20.658',0),('cmircr54i003ehr556belaxui','cmircr5490025hr55q6z276jk','cmibvu36x006fgz7meleaqrw6','cmibvu3ma00jdgz7m1ec077vo',NULL,'STAY',3,'2025-12-04 11:28:20.658',0),('cmircr54i003fhr555cic380u','cmircr5490025hr55q6z276jk','cmibvu37p0079gz7mmww4qnzg','cmibvu3ma00jdgz7m1ec077vo',NULL,'STAY',4,'2025-12-04 11:28:20.658',0),('cmircr54i003ghr55f0wfjdv3','cmircr5490025hr55q6z276jk','cmibvu37g006zgz7mmusf1bli','cmibvu3ma00jdgz7m1ec077vo',NULL,'STAY',5,'2025-12-04 11:28:20.658',0),('cmircr54i003hhr55jig3z15n','cmircr5490025hr55q6z276jk','cmibvu37l0074gz7mtpqc8c6l','cmibvu3ma00jdgz7m1ec077vo',NULL,'STAY',6,'2025-12-04 11:28:20.658',0),('cmircr54i003ihr55zey3vntq','cmircr5490025hr55q6z276jk','cmibvu378006pgz7mh104fdxb','cmibvu3ma00jdgz7m1ec077vo',NULL,'STAY',7,'2025-12-04 11:28:20.658',0),('cmircr54i003jhr55wu47zjlx','cmircr5490025hr55q6z276jk','cmibvu372006kgz7m2haaxtz9','cmibvu3ma00jdgz7m1ec077vo','cmibvu3n400jxgz7mu36yb1vg','RELEGATION',8,'2025-12-04 11:28:20.658',0),('cmircr54i003khr554zmviam3','cmircr5490025hr55q6z276jk','cmibvu36q006agz7mrqv6k1hr','cmibvu3ma00jdgz7m1ec077vo','cmibvu3n400jxgz7mu36yb1vg','RELEGATION',9,'2025-12-04 11:28:20.658',0),('cmircr54i003lhr553byxdras','cmircr5490025hr55q6z276jk','cmibvu38m008agz7mrd1qtwae','cmibvu3n400jxgz7mu36yb1vg','cmibvu3ma00jdgz7m1ec077vo','PROMOTION',1,'2025-12-04 11:28:20.658',0),('cmircr54i003mhr55yyvl651s','cmircr5490025hr55q6z276jk','cmibvu38u008kgz7mbiu9uqej','cmibvu3n400jxgz7mu36yb1vg','cmibvu3ma00jdgz7m1ec077vo','PROMOTION',2,'2025-12-04 11:28:20.658',0),('cmircr54i003nhr55qd5qqlyo','cmircr5490025hr55q6z276jk','cmibvu38c0080gz7micvwqq5e','cmibvu3n400jxgz7mu36yb1vg',NULL,'STAY',3,'2025-12-04 11:28:20.658',0),('cmircr54i003ohr55fz8jjpjd','cmircr5490025hr55q6z276jk','cmibvu384007qgz7m87dyt54k','cmibvu3n400jxgz7mu36yb1vg',NULL,'STAY',4,'2025-12-04 11:28:20.658',0),('cmircr54i003phr556ql1eqxd','cmircr5490025hr55q6z276jk','cmibvu37z007lgz7mqbjrmb27','cmibvu3n400jxgz7mu36yb1vg',NULL,'STAY',5,'2025-12-04 11:28:20.658',0),('cmircr54i003qhr55i3pcxd25','cmircr5490025hr55q6z276jk','cmibvu38h0085gz7mlx24b36c','cmibvu3n400jxgz7mu36yb1vg',NULL,'STAY',6,'2025-12-04 11:28:20.658',0),('cmircr54i003rhr55edi2btz8','cmircr5490025hr55q6z276jk','cmibvu38q008fgz7m23sl42p8','cmibvu3n400jxgz7mu36yb1vg','cmibvu3nq00kfgz7m5h1bobj8','RELEGATION',7,'2025-12-04 11:28:20.658',0),('cmircr54i003shr55x83f446k','cmircr5490025hr55q6z276jk','cmibvu388007vgz7mkdo04dte','cmibvu3n400jxgz7mu36yb1vg','cmibvu3nq00kfgz7m5h1bobj8','RELEGATION',8,'2025-12-04 11:28:20.658',0),('cmircr54i003thr55bffwhf3r','cmircr5490025hr55q6z276jk','cmibvu3af00a0gz7mkkplr69e','cmibvu3nq00kfgz7m5h1bobj8','cmibvu3n400jxgz7mu36yb1vg','PROMOTION',1,'2025-12-04 11:28:20.658',0),('cmircr54i003uhr55gld5yzgl','cmircr5490025hr55q6z276jk','cmibvu39e0096gz7mzbrsz8gd','cmibvu3nq00kfgz7m5h1bobj8','cmibvu3n400jxgz7mu36yb1vg','PROMOTION',2,'2025-12-04 11:28:20.658',0),('cmircr54i003vhr55sfazyx3o','cmircr5490025hr55q6z276jk','cmibvu3aj00a5gz7m8o0g09se','cmibvu3nq00kfgz7m5h1bobj8',NULL,'STAY',3,'2025-12-04 11:28:20.658',0),('cmircr54i003whr55de0qskhm','cmircr5490025hr55q6z276jk','cmibvu39o009ggz7mx3nwghle','cmibvu3nq00kfgz7m5h1bobj8',NULL,'STAY',4,'2025-12-04 11:28:20.658',0),('cmircr54i003xhr555x1jusr0','cmircr5490025hr55q6z276jk','cmibvu3at00afgz7mjoabttef','cmibvu3nq00kfgz7m5h1bobj8',NULL,'STAY',5,'2025-12-04 11:28:20.658',0),('cmircr54i003yhr554wl80z92','cmircr5490025hr55q6z276jk','cmibvu3ao00aagz7m04w3fnxq','cmibvu3nq00kfgz7m5h1bobj8',NULL,'STAY',6,'2025-12-04 11:28:20.658',0),('cmircr54i003zhr55ugrgy3f4','cmircr5490025hr55q6z276jk','cmibvu39j009bgz7mjemnb1a8','cmibvu3nq00kfgz7m5h1bobj8',NULL,'STAY',7,'2025-12-04 11:28:20.658',0),('cmircr54i0040hr55fq7xab6a','cmircr5490025hr55q6z276jk','cmibvu3a7009vgz7m0owqsna1','cmibvu3nq00kfgz7m5h1bobj8',NULL,'STAY',8,'2025-12-04 11:28:20.658',0),('cmircr54i0041hr55w7ujvhuu','cmircr5490025hr55q6z276jk','cmibvu3a1009qgz7mpbb5ynw4','cmibvu3nq00kfgz7m5h1bobj8',NULL,'STAY',9,'2025-12-04 11:28:20.658',0),('cmircr54i0042hr55zb45k0x7','cmircr5490025hr55q6z276jk','cmibvu3990091gz7m3xx6g7hu','cmibvu3nq00kfgz7m5h1bobj8',NULL,'STAY',10,'2025-12-04 11:28:20.658',0),('cmircr54i0043hr55ys0kto40','cmircr5490025hr55q6z276jk','cmibvu395008wgz7m1f14g1ul','cmibvu3nq00kfgz7m5h1bobj8',NULL,'STAY',11,'2025-12-04 11:28:20.658',0),('cmircr54i0044hr55f5a79l1t','cmircr5490025hr55q6z276jk','cmibvu3ay00akgz7mogqs968t','cmibvu3nq00kfgz7m5h1bobj8',NULL,'STAY',12,'2025-12-04 11:28:20.658',0),('cmircr54i0045hr55wdyd192k','cmircr5490025hr55q6z276jk','cmibvu39t009lgz7mi4hiw0v9','cmibvu3nq00kfgz7m5h1bobj8',NULL,'STAY',13,'2025-12-04 11:28:20.658',0),('cmircr54i0046hr556r0fyquh','cmircr5490025hr55q6z276jk','cmibvu3b200apgz7mlgnfpqa1','cmibvu3nq00kfgz7m5h1bobj8',NULL,'STAY',14,'2025-12-04 11:28:20.658',0),('cmircr54i0047hr556rntq9d7','cmircr5490025hr55q6z276jk','cmibvu391008rgz7m8ys34zbw','cmibvu3nq00kfgz7m5h1bobj8',NULL,'STAY',15,'2025-12-04 11:28:20.658',0),('cmird33e50002g3s6xnv3sbu4','cmird33dy0001g3s6d2lw8rxy','cmibvu2yk000lgz7mzpume44l','cmibvu3b800augz7makttaell',NULL,'STAY',1,'2025-12-04 11:37:38.285',2),('cmird33e50003g3s6en3mv240','cmird33dy0001g3s6d2lw8rxy','cmibvu2yd000ggz7m9i7nfsfm','cmibvu3b800augz7makttaell',NULL,'STAY',2,'2025-12-04 11:37:38.285',2),('cmird33e50004g3s638lbvapy','cmird33dy0001g3s6d2lw8rxy','cmibvu2xx0006gz7mv9zrcymp','cmibvu3b800augz7makttaell',NULL,'STAY',3,'2025-12-04 11:37:38.285',1),('cmird33e50005g3s60rvw7sdd','cmird33dy0001g3s6d2lw8rxy','cmibvu2zd0010gz7mq8zwk3g0','cmibvu3b800augz7makttaell',NULL,'STAY',4,'2025-12-04 11:37:38.285',1),('cmird33e50006g3s6u2p200fp','cmird33dy0001g3s6d2lw8rxy','cmibvu2z3000vgz7mswkprtg3','cmibvu3b800augz7makttaell',NULL,'STAY',5,'2025-12-04 11:37:38.285',0),('cmird33e50007g3s6rr276rme','cmird33dy0001g3s6d2lw8rxy','cmibvu2zm0015gz7mjfdwearb','cmibvu3b800augz7makttaell',NULL,'STAY',6,'2025-12-04 11:37:38.285',0),('cmird33e50008g3s6h2nrkaa7','cmird33dy0001g3s6d2lw8rxy','cmibvu2ys000qgz7mf2syi88f','cmibvu3b800augz7makttaell','cmibvu3bz00bcgz7mn5t0plzf','RELEGATION',7,'2025-12-04 11:37:38.285',0),('cmird33e50009g3s67uo6kxoq','cmird33dy0001g3s6d2lw8rxy','cmibvu2y5000bgz7mti9dvc58','cmibvu3b800augz7makttaell','cmibvu3bz00bcgz7mn5t0plzf','RELEGATION',8,'2025-12-04 11:37:38.285',0),('cmird33e5000ag3s61cx3708t','cmird33dy0001g3s6d2lw8rxy','cmibvu30x001rgz7m76raqbrk','cmibvu3bz00bcgz7mn5t0plzf','cmibvu3b800augz7makttaell','PROMOTION',1,'2025-12-04 11:37:38.285',2),('cmird33e5000bg3s6xuoh1sma','cmird33dy0001g3s6d2lw8rxy','cmibvu30p001mgz7m1dzrd143','cmibvu3bz00bcgz7mn5t0plzf','cmibvu3b800augz7makttaell','PROMOTION',2,'2025-12-04 11:37:38.285',1),('cmird33e5000cg3s694nsji25','cmird33dy0001g3s6d2lw8rxy','cmibvu303001cgz7m6oel93va','cmibvu3bz00bcgz7mn5t0plzf',NULL,'STAY',3,'2025-12-04 11:37:38.285',1),('cmird33e5000dg3s609k7yuld','cmird33dy0001g3s6d2lw8rxy','cmibvu30e001hgz7mna4s4zw7','cmibvu3bz00bcgz7mn5t0plzf',NULL,'STAY',4,'2025-12-04 11:37:38.285',1),('cmird33e5000eg3s6v02xkb9x','cmird33dy0001g3s6d2lw8rxy','cmibvu31v002bgz7m63pip6pq','cmibvu3bz00bcgz7mn5t0plzf',NULL,'STAY',5,'2025-12-04 11:37:38.285',1),('cmird33e5000fg3s63gxhuyqg','cmird33dy0001g3s6d2lw8rxy','cmibvu31d0021gz7m7vtftzi4','cmibvu3bz00bcgz7mn5t0plzf',NULL,'STAY',6,'2025-12-04 11:37:38.285',0),('cmird33e5000gg3s6xal79w03','cmird33dy0001g3s6d2lw8rxy','cmibvu31m0026gz7mr4a29vht','cmibvu3bz00bcgz7mn5t0plzf','cmibvu3ci00bugz7mjkpvc0uo','RELEGATION',7,'2025-12-04 11:37:38.285',0),('cmird33e5000hg3s65m0s5c2z','cmird33dy0001g3s6d2lw8rxy','cmibvu314001wgz7m6uqewand','cmibvu3bz00bcgz7mn5t0plzf','cmibvu3ci00bugz7mjkpvc0uo','RELEGATION',8,'2025-12-04 11:37:38.285',0),('cmird33e5000ig3s6rugcmc3z','cmird33dy0001g3s6d2lw8rxy','cmibvu32i002sgz7md9rvjwav','cmibvu3ci00bugz7mjkpvc0uo','cmibvu3bz00bcgz7mn5t0plzf','PROMOTION',1,'2025-12-04 11:37:38.285',2),('cmird33e5000jg3s6qq3ps851','cmird33dy0001g3s6d2lw8rxy','cmibvu32o002xgz7mofmvu4ve','cmibvu3ci00bugz7mjkpvc0uo','cmibvu3bz00bcgz7mn5t0plzf','PROMOTION',2,'2025-12-04 11:37:38.285',2),('cmird33e5000kg3s6nzepuz0q','cmird33dy0001g3s6d2lw8rxy','cmibvu326002igz7mr4efrwm8','cmibvu3ci00bugz7mjkpvc0uo',NULL,'STAY',3,'2025-12-04 11:37:38.285',1),('cmird33e5000lg3s6x81glcjv','cmird33dy0001g3s6d2lw8rxy','cmibvu33c003hgz7muyhkqoqv','cmibvu3ci00bugz7mjkpvc0uo',NULL,'STAY',4,'2025-12-04 11:37:38.285',1),('cmird33e5000mg3s63y0nmzg3','cmird33dy0001g3s6d2lw8rxy','cmibvu32t0032gz7mwxp64rx3','cmibvu3ci00bugz7mjkpvc0uo',NULL,'STAY',5,'2025-12-04 11:37:38.285',0),('cmird33e5000ng3s6qwxfd65z','cmird33dy0001g3s6d2lw8rxy','cmibvu3300037gz7mbw67y5tj','cmibvu3ci00bugz7mjkpvc0uo',NULL,'STAY',6,'2025-12-04 11:37:38.285',0),('cmird33e5000og3s6wdgzhwde','cmird33dy0001g3s6d2lw8rxy','cmibvu32c002ngz7mctqwi3la','cmibvu3ci00bugz7mjkpvc0uo','cmibvu3d500ccgz7mscqfj9pa','RELEGATION',7,'2025-12-04 11:37:38.285',0),('cmird33e5000pg3s6m8g0u025','cmird33dy0001g3s6d2lw8rxy','cmibvu336003cgz7my419e328','cmibvu3ci00bugz7mjkpvc0uo','cmibvu3d500ccgz7mscqfj9pa','RELEGATION',8,'2025-12-04 11:37:38.285',0),('cmird33e5000qg3s691tt7axy','cmird33dy0001g3s6d2lw8rxy','cmibvu33w003ygz7mmtzzuzxp','cmibvu3d500ccgz7mscqfj9pa','cmibvu3ci00bugz7mjkpvc0uo','PROMOTION',1,'2025-12-04 11:37:38.285',2),('cmird33e5000rg3s6eiwvcsg1','cmird33dy0001g3s6d2lw8rxy','cmibvu33q003tgz7muoobynci','cmibvu3d500ccgz7mscqfj9pa','cmibvu3ci00bugz7mjkpvc0uo','PROMOTION',2,'2025-12-04 11:37:38.285',1),('cmird33e5000sg3s666on7jn7','cmird33dy0001g3s6d2lw8rxy','cmibvu33k003ogz7m4woddt3w','cmibvu3d500ccgz7mscqfj9pa',NULL,'STAY',3,'2025-12-04 11:37:38.285',1),('cmird33e5000tg3s638ylm989','cmird33dy0001g3s6d2lw8rxy','cmibvu3420043gz7mg1whb8zj','cmibvu3d500ccgz7mscqfj9pa',NULL,'STAY',4,'2025-12-04 11:37:38.285',1),('cmird33e5000ug3s6bjl1pfzv','cmird33dy0001g3s6d2lw8rxy','cmibvu34v004sgz7ms57afh63','cmibvu3d500ccgz7mscqfj9pa',NULL,'STAY',5,'2025-12-04 11:37:38.285',1),('cmird33e5000vg3s6xwwjyq8k','cmird33dy0001g3s6d2lw8rxy','cmibvu34e004dgz7mad7pju7y','cmibvu3d500ccgz7mscqfj9pa',NULL,'STAY',6,'2025-12-04 11:37:38.285',0),('cmird33e5000wg3s63bn2xwc6','cmird33dy0001g3s6d2lw8rxy','cmibvu34k004igz7mh4bsqrsz','cmibvu3d500ccgz7mscqfj9pa',NULL,'STAY',7,'2025-12-04 11:37:38.285',0),('cmird33e5000xg3s6wry5r53x','cmird33dy0001g3s6d2lw8rxy','cmibvu3480048gz7mz6l0fub2','cmibvu3d500ccgz7mscqfj9pa','cmibvu3dv00cwgz7ma3qa6yxw','RELEGATION',8,'2025-12-04 11:37:38.285',0),('cmird33e5000yg3s60pqslb0y','cmird33dy0001g3s6d2lw8rxy','cmibvu34p004ngz7mmpfo0ykp','cmibvu3d500ccgz7mscqfj9pa','cmibvu3dv00cwgz7ma3qa6yxw','RELEGATION',9,'2025-12-04 11:37:38.285',0),('cmird33e5000zg3s62l7xje5n','cmird33dy0001g3s6d2lw8rxy','cmibvu3580054gz7mzgql3jh6','cmibvu3dv00cwgz7ma3qa6yxw','cmibvu3d500ccgz7mscqfj9pa','PROMOTION',1,'2025-12-04 11:37:38.285',1),('cmird33e50010g3s67q6bbviy','cmird33dy0001g3s6d2lw8rxy','cmibvu366005tgz7mqrlyc502','cmibvu3dv00cwgz7ma3qa6yxw','cmibvu3d500ccgz7mscqfj9pa','PROMOTION',2,'2025-12-04 11:37:38.285',1),('cmird33e50011g3s6nrkaz8lh','cmird33dy0001g3s6d2lw8rxy','cmibvu35e0059gz7mjia8ocyg','cmibvu3dv00cwgz7ma3qa6yxw',NULL,'STAY',3,'2025-12-04 11:37:38.285',1),('cmird33e50012g3s6for4gegb','cmird33dy0001g3s6d2lw8rxy','cmibvu36c005ygz7m9j8cs5xr','cmibvu3dv00cwgz7ma3qa6yxw',NULL,'STAY',4,'2025-12-04 11:37:38.285',1),('cmird33e50013g3s6smcax878','cmird33dy0001g3s6d2lw8rxy','cmibvu353004zgz7mlhf1ybj7','cmibvu3dv00cwgz7ma3qa6yxw',NULL,'STAY',5,'2025-12-04 11:37:38.285',1),('cmird33e50014g3s6z5bl5h7c','cmird33dy0001g3s6d2lw8rxy','cmibvu35x005ogz7m8vxu0zh1','cmibvu3dv00cwgz7ma3qa6yxw',NULL,'STAY',6,'2025-12-04 11:37:38.285',1),('cmird33e50015g3s6grlb9pda','cmird33dy0001g3s6d2lw8rxy','cmibvu35k005egz7mjmt18fbk','cmibvu3dv00cwgz7ma3qa6yxw',NULL,'STAY',7,'2025-12-04 11:37:38.285',0),('cmird33e50016g3s6vof4jxnu','cmird33dy0001g3s6d2lw8rxy','cmibvu36j0063gz7mk1gt2mta','cmibvu3dv00cwgz7ma3qa6yxw','cmibvu3el00dggz7mzfoieahs','RELEGATION',8,'2025-12-04 11:37:38.285',0),('cmird33e50017g3s6r45r882g','cmird33dy0001g3s6d2lw8rxy','cmibvu35q005jgz7mi1m4wlcz','cmibvu3dv00cwgz7ma3qa6yxw','cmibvu3el00dggz7mzfoieahs','RELEGATION',9,'2025-12-04 11:37:38.285',0),('cmird33e50018g3s6lduxds0r','cmird33dy0001g3s6d2lw8rxy','cmibvu372006kgz7m2haaxtz9','cmibvu3el00dggz7mzfoieahs','cmibvu3dv00cwgz7ma3qa6yxw','PROMOTION',1,'2025-12-04 11:37:38.285',3),('cmird33e50019g3s67p8vfq4a','cmird33dy0001g3s6d2lw8rxy','cmibvu378006pgz7mh104fdxb','cmibvu3el00dggz7mzfoieahs','cmibvu3dv00cwgz7ma3qa6yxw','PROMOTION',2,'2025-12-04 11:37:38.285',1),('cmird33e5001ag3s61uzci232','cmird33dy0001g3s6d2lw8rxy','cmibvu37p0079gz7mmww4qnzg','cmibvu3el00dggz7mzfoieahs',NULL,'STAY',3,'2025-12-04 11:37:38.285',1),('cmird33e5001bg3s6kbybrkw9','cmird33dy0001g3s6d2lw8rxy','cmibvu37u007egz7maeu8b0av','cmibvu3el00dggz7mzfoieahs',NULL,'STAY',4,'2025-12-04 11:37:38.285',1),('cmird33e5001cg3s6au1t3lov','cmird33dy0001g3s6d2lw8rxy','cmibvu37g006zgz7mmusf1bli','cmibvu3el00dggz7mzfoieahs',NULL,'STAY',5,'2025-12-04 11:37:38.285',0),('cmird33e5001dg3s659nnefx4','cmird33dy0001g3s6d2lw8rxy','cmibvu37c006ugz7mrbk10060','cmibvu3el00dggz7mzfoieahs',NULL,'STAY',6,'2025-12-04 11:37:38.285',0),('cmird33e5001eg3s6haxxcmdg','cmird33dy0001g3s6d2lw8rxy','cmibvu37l0074gz7mtpqc8c6l','cmibvu3el00dggz7mzfoieahs',NULL,'STAY',7,'2025-12-04 11:37:38.285',0),('cmird33e5001fg3s67t3zngav','cmird33dy0001g3s6d2lw8rxy','cmibvu36x006fgz7meleaqrw6','cmibvu3el00dggz7mzfoieahs','cmibvu3fd00e0gz7m73uo1h95','RELEGATION',8,'2025-12-04 11:37:38.285',0),('cmird33e5001gg3s6oyzp6yej','cmird33dy0001g3s6d2lw8rxy','cmibvu36q006agz7mrqv6k1hr','cmibvu3el00dggz7mzfoieahs','cmibvu3fd00e0gz7m73uo1h95','RELEGATION',9,'2025-12-04 11:37:38.285',0),('cmird33e6001hg3s6le26uyw5','cmird33dy0001g3s6d2lw8rxy','cmibvu38m008agz7mrd1qtwae','cmibvu3fd00e0gz7m73uo1h95','cmibvu3el00dggz7mzfoieahs','PROMOTION',1,'2025-12-04 11:37:38.285',3),('cmird33e6001ig3s6rc10u9z8','cmird33dy0001g3s6d2lw8rxy','cmibvu37z007lgz7mqbjrmb27','cmibvu3fd00e0gz7m73uo1h95','cmibvu3el00dggz7mzfoieahs','PROMOTION',2,'2025-12-04 11:37:38.285',1),('cmird33e6001jg3s65ht1blxh','cmird33dy0001g3s6d2lw8rxy','cmibvu38h0085gz7mlx24b36c','cmibvu3fd00e0gz7m73uo1h95',NULL,'STAY',3,'2025-12-04 11:37:38.285',1),('cmird33e6001kg3s6idwvsq9l','cmird33dy0001g3s6d2lw8rxy','cmibvu388007vgz7mkdo04dte','cmibvu3fd00e0gz7m73uo1h95',NULL,'STAY',4,'2025-12-04 11:37:38.285',1),('cmird33e6001lg3s6ywkd4gtb','cmird33dy0001g3s6d2lw8rxy','cmibvu38c0080gz7micvwqq5e','cmibvu3fd00e0gz7m73uo1h95',NULL,'STAY',5,'2025-12-04 11:37:38.285',0),('cmird33e6001mg3s662rwsmc6','cmird33dy0001g3s6d2lw8rxy','cmibvu38u008kgz7mbiu9uqej','cmibvu3fd00e0gz7m73uo1h95',NULL,'STAY',6,'2025-12-04 11:37:38.285',0),('cmird33e6001ng3s618sjx0wc','cmird33dy0001g3s6d2lw8rxy','cmibvu38q008fgz7m23sl42p8','cmibvu3fd00e0gz7m73uo1h95','cmibvu3g200eigz7m6w8593gl','RELEGATION',7,'2025-12-04 11:37:38.285',0),('cmird33e6001og3s66prit3xa','cmird33dy0001g3s6d2lw8rxy','cmibvu384007qgz7m87dyt54k','cmibvu3fd00e0gz7m73uo1h95','cmibvu3g200eigz7m6w8593gl','RELEGATION',8,'2025-12-04 11:37:38.285',0),('cmird33e6001pg3s67r4mctsx','cmird33dy0001g3s6d2lw8rxy','cmibvu3at00afgz7mjoabttef','cmibvu3g200eigz7m6w8593gl','cmibvu3fd00e0gz7m73uo1h95','PROMOTION',1,'2025-12-04 11:37:38.285',3),('cmird33e6001qg3s68n6tmab8','cmird33dy0001g3s6d2lw8rxy','cmibvu3990091gz7m3xx6g7hu','cmibvu3g200eigz7m6w8593gl','cmibvu3fd00e0gz7m73uo1h95','PROMOTION',2,'2025-12-04 11:37:38.285',2),('cmird33e6001rg3s6wwunfde0','cmird33dy0001g3s6d2lw8rxy','cmibvu3b200apgz7mlgnfpqa1','cmibvu3g200eigz7m6w8593gl',NULL,'STAY',3,'2025-12-04 11:37:38.285',1),('cmird33e6001sg3s6fcdoezgr','cmird33dy0001g3s6d2lw8rxy','cmibvu3af00a0gz7mkkplr69e','cmibvu3g200eigz7m6w8593gl',NULL,'STAY',4,'2025-12-04 11:37:38.285',0),('cmird33e6001tg3s60j9e0duy','cmird33dy0001g3s6d2lw8rxy','cmibvu3ay00akgz7mogqs968t','cmibvu3g200eigz7m6w8593gl',NULL,'STAY',5,'2025-12-04 11:37:38.285',0),('cmird33e6001ug3s6hvxeclpg','cmird33dy0001g3s6d2lw8rxy','cmibvu3ao00aagz7m04w3fnxq','cmibvu3g200eigz7m6w8593gl',NULL,'STAY',6,'2025-12-04 11:37:38.285',0),('cmird33e6001vg3s6ryk6hh23','cmird33dy0001g3s6d2lw8rxy','cmibvu395008wgz7m1f14g1ul','cmibvu3g200eigz7m6w8593gl',NULL,'STAY',7,'2025-12-04 11:37:38.285',0),('cmird33e6001wg3s6g8ygzer8','cmird33dy0001g3s6d2lw8rxy','cmibvu39j009bgz7mjemnb1a8','cmibvu3g200eigz7m6w8593gl',NULL,'STAY',8,'2025-12-04 11:37:38.285',0),('cmird33e6001xg3s6qs8cz68e','cmird33dy0001g3s6d2lw8rxy','cmibvu391008rgz7m8ys34zbw','cmibvu3g200eigz7m6w8593gl',NULL,'STAY',9,'2025-12-04 11:37:38.285',0),('cmird33e6001yg3s60u7c59xn','cmird33dy0001g3s6d2lw8rxy','cmibvu3aj00a5gz7m8o0g09se','cmibvu3g200eigz7m6w8593gl',NULL,'STAY',10,'2025-12-04 11:37:38.285',0),('cmird33e6001zg3s6r3rv7c54','cmird33dy0001g3s6d2lw8rxy','cmibvu3a7009vgz7m0owqsna1','cmibvu3g200eigz7m6w8593gl',NULL,'STAY',11,'2025-12-04 11:37:38.285',0),('cmird33e60020g3s60fxpd2q9','cmird33dy0001g3s6d2lw8rxy','cmibvu3a1009qgz7mpbb5ynw4','cmibvu3g200eigz7m6w8593gl',NULL,'STAY',12,'2025-12-04 11:37:38.285',0),('cmird33e60021g3s6v85divme','cmird33dy0001g3s6d2lw8rxy','cmibvu39t009lgz7mi4hiw0v9','cmibvu3g200eigz7m6w8593gl',NULL,'STAY',13,'2025-12-04 11:37:38.285',0),('cmird33e60022g3s6dmxt93z1','cmird33dy0001g3s6d2lw8rxy','cmibvu39o009ggz7mx3nwghle','cmibvu3g200eigz7m6w8593gl',NULL,'STAY',14,'2025-12-04 11:37:38.285',0),('cmird33e60023g3s6uki7ihjh','cmird33dy0001g3s6d2lw8rxy','cmibvu39e0096gz7mzbrsz8gd','cmibvu3g200eigz7m6w8593gl',NULL,'STAY',15,'2025-12-04 11:37:38.285',0),('cmirdjbke0003jps1jnrwu2yf','cmirdjbk80002jps1zoxlgbzl','cmibvu2yk000lgz7mzpume44l','cmird7pes00f5fpumv4inedzg',NULL,'STAY',1,'2025-12-04 11:50:15.374',0),('cmirdjbke0004jps1ek919rl4','cmirdjbk80002jps1zoxlgbzl','cmibvu30x001rgz7m76raqbrk','cmird7pes00f5fpumv4inedzg',NULL,'STAY',2,'2025-12-04 11:50:15.374',0),('cmirdjbke0005jps1fv29lesr','cmirdjbk80002jps1zoxlgbzl','cmibvu2z3000vgz7mswkprtg3','cmird7pes00f5fpumv4inedzg',NULL,'STAY',3,'2025-12-04 11:50:15.374',0),('cmirdjbke0006jps12cm0zg5k','cmirdjbk80002jps1zoxlgbzl','cmibvu303001cgz7m6oel93va','cmird7pes00f5fpumv4inedzg',NULL,'STAY',4,'2025-12-04 11:50:15.374',0),('cmirdjbke0007jps13ztrsbhb','cmirdjbk80002jps1zoxlgbzl','cmibvu2ys000qgz7mf2syi88f','cmird7pes00f5fpumv4inedzg',NULL,'STAY',5,'2025-12-04 11:50:15.374',0),('cmirdjbke0008jps17esja1er','cmirdjbk80002jps1zoxlgbzl','cmibvu2zm0015gz7mjfdwearb','cmird7pes00f5fpumv4inedzg',NULL,'STAY',6,'2025-12-04 11:50:15.374',0),('cmirdjbke0009jps153sefn3k','cmirdjbk80002jps1zoxlgbzl','cmibvu2zd0010gz7mq8zwk3g0','cmird7pes00f5fpumv4inedzg','cmird7pev00f7fpummv6wlqhl','RELEGATION',7,'2025-12-04 11:50:15.374',0),('cmirdjbke000ajps1c5c38h0o','cmirdjbk80002jps1zoxlgbzl','cmibvu30p001mgz7m1dzrd143','cmird7pes00f5fpumv4inedzg','cmird7pev00f7fpummv6wlqhl','RELEGATION',8,'2025-12-04 11:50:15.374',0),('cmirdjbke000bjps156qbof6i','cmirdjbk80002jps1zoxlgbzl','cmibvu33c003hgz7muyhkqoqv','cmird7pev00f7fpummv6wlqhl','cmird7pes00f5fpumv4inedzg','PROMOTION',1,'2025-12-04 11:50:15.374',0),('cmirdjbke000cjps1aqwr9yyb','cmirdjbk80002jps1zoxlgbzl','cmibvu30e001hgz7mna4s4zw7','cmird7pev00f7fpummv6wlqhl','cmird7pes00f5fpumv4inedzg','PROMOTION',2,'2025-12-04 11:50:15.374',0),('cmirdjbke000djps12jej21ln','cmirdjbk80002jps1zoxlgbzl','cmibvu31d0021gz7m7vtftzi4','cmird7pev00f7fpummv6wlqhl',NULL,'STAY',3,'2025-12-04 11:50:15.374',0),('cmirdjbke000ejps1tcig7o8l','cmirdjbk80002jps1zoxlgbzl','cmibvu32i002sgz7md9rvjwav','cmird7pev00f7fpummv6wlqhl',NULL,'STAY',4,'2025-12-04 11:50:15.374',0),('cmirdjbke000fjps1f9bwsu2c','cmirdjbk80002jps1zoxlgbzl','cmibvu31m0026gz7mr4a29vht','cmird7pev00f7fpummv6wlqhl',NULL,'STAY',5,'2025-12-04 11:50:15.374',0),('cmirdjbke000gjps15bvozsf4','cmirdjbk80002jps1zoxlgbzl','cmibvu2yd000ggz7m9i7nfsfm','cmird7pev00f7fpummv6wlqhl',NULL,'STAY',6,'2025-12-04 11:50:15.374',0),('cmirdjbke000hjps1fl5lxe1l','cmirdjbk80002jps1zoxlgbzl','cmibvu2xx0006gz7mv9zrcymp','cmird7pev00f7fpummv6wlqhl','cmird7pex00f9fpumdph6y0kp','RELEGATION',7,'2025-12-04 11:50:15.374',0),('cmirdjbke000ijps1mp39icdg','cmirdjbk80002jps1zoxlgbzl','cmibvu31v002bgz7m63pip6pq','cmird7pev00f7fpummv6wlqhl','cmird7pex00f9fpumdph6y0kp','RELEGATION',8,'2025-12-04 11:50:15.374',0),('cmirdjbke000jjps1r5gpp9yv','cmirdjbk80002jps1zoxlgbzl','cmibvu34k004igz7mh4bsqrsz','cmird7pex00f9fpumdph6y0kp','cmird7pev00f7fpummv6wlqhl','PROMOTION',1,'2025-12-04 11:50:15.374',0),('cmirdjbke000kjps1i3bxxcfc','cmirdjbk80002jps1zoxlgbzl','cmibvu366005tgz7mqrlyc502','cmird7pex00f9fpumdph6y0kp','cmird7pev00f7fpummv6wlqhl','PROMOTION',2,'2025-12-04 11:50:15.374',0),('cmirdjbke000ljps1ivys6ih4','cmirdjbk80002jps1zoxlgbzl','cmibvu32t0032gz7mwxp64rx3','cmird7pex00f9fpumdph6y0kp',NULL,'STAY',3,'2025-12-04 11:50:15.374',0),('cmirdjbke000mjps1kk02ux8h','cmirdjbk80002jps1zoxlgbzl','cmibvu33w003ygz7mmtzzuzxp','cmird7pex00f9fpumdph6y0kp',NULL,'STAY',4,'2025-12-04 11:50:15.374',0),('cmirdjbke000njps13ga9zr3s','cmirdjbk80002jps1zoxlgbzl','cmibvu326002igz7mr4efrwm8','cmird7pex00f9fpumdph6y0kp',NULL,'STAY',5,'2025-12-04 11:50:15.374',0),('cmirdjbke000ojps1ldt5kvt5','cmirdjbk80002jps1zoxlgbzl','cmibvu314001wgz7m6uqewand','cmird7pex00f9fpumdph6y0kp',NULL,'STAY',6,'2025-12-04 11:50:15.374',0),('cmirdjbke000pjps1i7lxkteo','cmirdjbk80002jps1zoxlgbzl','cmibvu2y5000bgz7mti9dvc58','cmird7pex00f9fpumdph6y0kp','cmird7pez00fbfpumb2c4gvw6','RELEGATION',7,'2025-12-04 11:50:15.374',0),('cmirdjbke000qjps18qorx52c','cmirdjbk80002jps1zoxlgbzl','cmibvu32o002xgz7mofmvu4ve','cmird7pex00f9fpumdph6y0kp','cmird7pez00fbfpumb2c4gvw6','RELEGATION',8,'2025-12-04 11:50:15.374',0),('cmirdjbke000rjps1r85c8qk5','cmirdjbk80002jps1zoxlgbzl','cmibvu35x005ogz7m8vxu0zh1','cmird7pez00fbfpumb2c4gvw6','cmird7pex00f9fpumdph6y0kp','PROMOTION',1,'2025-12-04 11:50:15.374',0),('cmirdjbke000sjps1mkpuy8fh','cmirdjbk80002jps1zoxlgbzl','cmibvu353004zgz7mlhf1ybj7','cmird7pez00fbfpumb2c4gvw6','cmird7pex00f9fpumdph6y0kp','PROMOTION',2,'2025-12-04 11:50:15.374',0),('cmirdjbke000tjps1cs2f4jdq','cmirdjbk80002jps1zoxlgbzl','cmibvu3580054gz7mzgql3jh6','cmird7pez00fbfpumb2c4gvw6',NULL,'STAY',3,'2025-12-04 11:50:15.374',0),('cmirdjbke000ujps1p5k6n0xz','cmirdjbk80002jps1zoxlgbzl','cmibvu3420043gz7mg1whb8zj','cmird7pez00fbfpumb2c4gvw6',NULL,'STAY',4,'2025-12-04 11:50:15.374',0),('cmirdjbke000vjps1r9l048st','cmirdjbk80002jps1zoxlgbzl','cmibvu3300037gz7mbw67y5tj','cmird7pez00fbfpumb2c4gvw6',NULL,'STAY',5,'2025-12-04 11:50:15.374',0),('cmirdjbke000wjps16jek2z6u','cmirdjbk80002jps1zoxlgbzl','cmibvu33k003ogz7m4woddt3w','cmird7pez00fbfpumb2c4gvw6',NULL,'STAY',6,'2025-12-04 11:50:15.374',0),('cmirdjbke000xjps1gcev75f5','cmirdjbk80002jps1zoxlgbzl','cmibvu32c002ngz7mctqwi3la','cmird7pez00fbfpumb2c4gvw6',NULL,'STAY',7,'2025-12-04 11:50:15.374',0),('cmirdjbke000yjps1tod3slc9','cmirdjbk80002jps1zoxlgbzl','cmibvu336003cgz7my419e328','cmird7pez00fbfpumb2c4gvw6','cmird7pf100fdfpum045d5ru1','RELEGATION',8,'2025-12-04 11:50:15.374',0),('cmirdjbke000zjps135hx8p9q','cmirdjbk80002jps1zoxlgbzl','cmibvu33q003tgz7muoobynci','cmird7pez00fbfpumb2c4gvw6','cmird7pf100fdfpum045d5ru1','RELEGATION',9,'2025-12-04 11:50:15.374',0),('cmirdjbke0010jps165d0dpi7','cmirdjbk80002jps1zoxlgbzl','cmibvu38m008agz7mrd1qtwae','cmird7pf100fdfpum045d5ru1','cmird7pez00fbfpumb2c4gvw6','PROMOTION',1,'2025-12-04 11:50:15.374',0),('cmirdjbke0011jps1r411kvm0','cmirdjbk80002jps1zoxlgbzl','cmibvu3480048gz7mz6l0fub2','cmird7pf100fdfpum045d5ru1','cmird7pez00fbfpumb2c4gvw6','PROMOTION',2,'2025-12-04 11:50:15.374',0),('cmirdjbke0012jps1bd9089ad','cmirdjbk80002jps1zoxlgbzl','cmibvu37g006zgz7mmusf1bli','cmird7pf100fdfpum045d5ru1',NULL,'STAY',3,'2025-12-04 11:50:15.374',0),('cmirdjbke0013jps1yk4nyc88','cmirdjbk80002jps1zoxlgbzl','cmibvu372006kgz7m2haaxtz9','cmird7pf100fdfpum045d5ru1',NULL,'STAY',4,'2025-12-04 11:50:15.374',0),('cmirdjbke0014jps1641r6mpk','cmirdjbk80002jps1zoxlgbzl','cmibvu35k005egz7mjmt18fbk','cmird7pf100fdfpum045d5ru1',NULL,'STAY',5,'2025-12-04 11:50:15.374',0),('cmirdjbke0015jps16d7n8v8q','cmirdjbk80002jps1zoxlgbzl','cmibvu34p004ngz7mmpfo0ykp','cmird7pf100fdfpum045d5ru1',NULL,'STAY',6,'2025-12-04 11:50:15.374',0),('cmirdjbke0016jps17apio0ee','cmirdjbk80002jps1zoxlgbzl','cmibvu378006pgz7mh104fdxb','cmird7pf100fdfpum045d5ru1',NULL,'STAY',7,'2025-12-04 11:50:15.374',0),('cmirdjbke0017jps1sh7yw053','cmirdjbk80002jps1zoxlgbzl','cmibvu34v004sgz7ms57afh63','cmird7pf100fdfpum045d5ru1','cmird7pf200fffpum5kvkua1j','RELEGATION',8,'2025-12-04 11:50:15.374',0),('cmirdjbke0018jps17qhygxjv','cmirdjbk80002jps1zoxlgbzl','cmibvu34e004dgz7mad7pju7y','cmird7pf100fdfpum045d5ru1','cmird7pf200fffpum5kvkua1j','RELEGATION',9,'2025-12-04 11:50:15.374',0),('cmirdjbke0019jps1fpabp8q0','cmirdjbk80002jps1zoxlgbzl','cmibvu3990091gz7m3xx6g7hu','cmird7pf200fffpum5kvkua1j','cmird7pf100fdfpum045d5ru1','PROMOTION',1,'2025-12-04 11:50:15.374',0),('cmirdjbkf001ajps10l6kkrjz','cmirdjbk80002jps1zoxlgbzl','cmibvu38c0080gz7micvwqq5e','cmird7pf200fffpum5kvkua1j','cmird7pf100fdfpum045d5ru1','PROMOTION',2,'2025-12-04 11:50:15.374',0),('cmirdjbkf001bjps1c32rxs0j','cmirdjbk80002jps1zoxlgbzl','cmibvu37c006ugz7mrbk10060','cmird7pf200fffpum5kvkua1j',NULL,'STAY',3,'2025-12-04 11:50:15.374',0),('cmirdjbkf001cjps10us19nhv','cmirdjbk80002jps1zoxlgbzl','cmibvu37l0074gz7mtpqc8c6l','cmird7pf200fffpum5kvkua1j',NULL,'STAY',4,'2025-12-04 11:50:15.374',0),('cmirdjbkf001djps112wv8isq','cmirdjbk80002jps1zoxlgbzl','cmibvu37z007lgz7mqbjrmb27','cmird7pf200fffpum5kvkua1j',NULL,'STAY',5,'2025-12-04 11:50:15.374',0),('cmirdjbkf001ejps14eep1tuo','cmirdjbk80002jps1zoxlgbzl','cmibvu36j0063gz7mk1gt2mta','cmird7pf200fffpum5kvkua1j',NULL,'STAY',6,'2025-12-04 11:50:15.374',0),('cmirdjbkf001fjps1ewj99itk','cmirdjbk80002jps1zoxlgbzl','cmibvu37u007egz7maeu8b0av','cmird7pf200fffpum5kvkua1j',NULL,'STAY',7,'2025-12-04 11:50:15.374',0),('cmirdjbkf001gjps1emo4fxlt','cmirdjbk80002jps1zoxlgbzl','cmibvu35e0059gz7mjia8ocyg','cmird7pf200fffpum5kvkua1j','cmird7pf400fhfpumeqmdfubh','RELEGATION',8,'2025-12-04 11:50:15.374',0),('cmirdjbkf001hjps1pav0fuuf','cmirdjbk80002jps1zoxlgbzl','cmibvu36c005ygz7m9j8cs5xr','cmird7pf200fffpum5kvkua1j','cmird7pf400fhfpumeqmdfubh','RELEGATION',9,'2025-12-04 11:50:15.374',0),('cmirdjbkf001ijps1mgizz4ee','cmirdjbk80002jps1zoxlgbzl','cmibvu36q006agz7mrqv6k1hr','cmird7pf400fhfpumeqmdfubh','cmird7pf200fffpum5kvkua1j','PROMOTION',1,'2025-12-04 11:50:15.374',0),('cmirdjbkf001jjps1wp4tjk3y','cmirdjbk80002jps1zoxlgbzl','cmibvu3ao00aagz7m04w3fnxq','cmird7pf400fhfpumeqmdfubh','cmird7pf200fffpum5kvkua1j','PROMOTION',2,'2025-12-04 11:50:15.374',0),('cmirdjbkf001kjps137i8bc6c','cmirdjbk80002jps1zoxlgbzl','cmibvu38u008kgz7mbiu9uqej','cmird7pf400fhfpumeqmdfubh',NULL,'STAY',3,'2025-12-04 11:50:15.374',0),('cmirdjbkf001ljps19g40wo10','cmirdjbk80002jps1zoxlgbzl','cmibvu38h0085gz7mlx24b36c','cmird7pf400fhfpumeqmdfubh',NULL,'STAY',4,'2025-12-04 11:50:15.374',0),('cmirdjbkf001mjps186cpr2wo','cmirdjbk80002jps1zoxlgbzl','cmibvu395008wgz7m1f14g1ul','cmird7pf400fhfpumeqmdfubh',NULL,'STAY',5,'2025-12-04 11:50:15.374',0),('cmirdjbkf001njps1mn2vr6n8','cmirdjbk80002jps1zoxlgbzl','cmibvu36x006fgz7meleaqrw6','cmird7pf400fhfpumeqmdfubh',NULL,'STAY',6,'2025-12-04 11:50:15.374',0),('cmirdjbkf001ojps1eq30c5eu','cmirdjbk80002jps1zoxlgbzl','cmibvu37p0079gz7mmww4qnzg','cmird7pf400fhfpumeqmdfubh','cmird7pf500fjfpump1sigvn9','RELEGATION',7,'2025-12-04 11:50:15.374',0),('cmirdjbkf001pjps17lk2ajf1','cmirdjbk80002jps1zoxlgbzl','cmibvu35q005jgz7mi1m4wlcz','cmird7pf400fhfpumeqmdfubh','cmird7pf500fjfpump1sigvn9','RELEGATION',8,'2025-12-04 11:50:15.374',0),('cmirdjbkf001qjps1thk1urud','cmirdjbk80002jps1zoxlgbzl','cmibvu39j009bgz7mjemnb1a8','cmird7pf500fjfpump1sigvn9','cmird7pf400fhfpumeqmdfubh','PROMOTION',1,'2025-12-04 11:50:15.374',0),('cmirdjbkf001rjps179fxhdgb','cmirdjbk80002jps1zoxlgbzl','cmibvu391008rgz7m8ys34zbw','cmird7pf500fjfpump1sigvn9','cmird7pf400fhfpumeqmdfubh','PROMOTION',2,'2025-12-04 11:50:15.374',0),('cmirdjbkf001sjps1pllandzd','cmirdjbk80002jps1zoxlgbzl','cmibvu3aj00a5gz7m8o0g09se','cmird7pf500fjfpump1sigvn9',NULL,'STAY',3,'2025-12-04 11:50:15.374',0),('cmirdjbkf001tjps16xa4fpvz','cmirdjbk80002jps1zoxlgbzl','cmibvu3a7009vgz7m0owqsna1','cmird7pf500fjfpump1sigvn9',NULL,'STAY',4,'2025-12-04 11:50:15.374',0),('cmirdjbkf001ujps1j1zup2tq','cmirdjbk80002jps1zoxlgbzl','cmibvu3ay00akgz7mogqs968t','cmird7pf500fjfpump1sigvn9',NULL,'STAY',5,'2025-12-04 11:50:15.374',0),('cmirdjbkf001vjps13fsrdnb6','cmirdjbk80002jps1zoxlgbzl','cmibvu384007qgz7m87dyt54k','cmird7pf500fjfpump1sigvn9',NULL,'STAY',6,'2025-12-04 11:50:15.374',0),('cmirdjbkf001wjps15g4inhkw','cmirdjbk80002jps1zoxlgbzl','cmibvu3a1009qgz7mpbb5ynw4','cmird7pf500fjfpump1sigvn9',NULL,'STAY',7,'2025-12-04 11:50:15.374',0),('cmirdjbkf001xjps1hnw31vrd','cmirdjbk80002jps1zoxlgbzl','cmibvu39t009lgz7mi4hiw0v9','cmird7pf500fjfpump1sigvn9',NULL,'STAY',8,'2025-12-04 11:50:15.374',0),('cmirdjbkf001yjps13jqajepl','cmirdjbk80002jps1zoxlgbzl','cmibvu38q008fgz7m23sl42p8','cmird7pf500fjfpump1sigvn9',NULL,'STAY',9,'2025-12-04 11:50:15.374',0),('cmirdjbkf001zjps1lp53kwgl','cmirdjbk80002jps1zoxlgbzl','cmibvu3af00a0gz7mkkplr69e','cmird7pf500fjfpump1sigvn9',NULL,'STAY',10,'2025-12-04 11:50:15.374',0),('cmirdjbkf0020jps1khkh8qcv','cmirdjbk80002jps1zoxlgbzl','cmibvu39o009ggz7mx3nwghle','cmird7pf500fjfpump1sigvn9',NULL,'STAY',11,'2025-12-04 11:50:15.374',0),('cmirdjbkf0021jps1u1r4jspq','cmirdjbk80002jps1zoxlgbzl','cmibvu39e0096gz7mzbrsz8gd','cmird7pf500fjfpump1sigvn9',NULL,'STAY',12,'2025-12-04 11:50:15.374',0),('cmirdjbkf0022jps15ci3wpz2','cmirdjbk80002jps1zoxlgbzl','cmibvu388007vgz7mkdo04dte','cmird7pf500fjfpump1sigvn9',NULL,'STAY',13,'2025-12-04 11:50:15.374',0),('cmirdjbkf0023jps1xpl2zavx','cmirdjbk80002jps1zoxlgbzl','cmibvu3at00afgz7mjoabttef','cmird7pf500fjfpump1sigvn9',NULL,'STAY',14,'2025-12-04 11:50:15.374',0),('cmirdjbkf0024jps1x8hs7zvf','cmirdjbk80002jps1zoxlgbzl','cmibvu3b200apgz7mlgnfpqa1','cmird7pf500fjfpump1sigvn9',NULL,'STAY',15,'2025-12-04 11:50:15.374',0);
/*!40000 ALTER TABLE `season_closure_entries` ENABLE KEYS */;
UNLOCK TABLES;

--
-- Table structure for table `season_closures`
--

DROP TABLE IF EXISTS `season_closures`;
/*!40101 SET @saved_cs_client     = @@character_set_client */;
/*!50503 SET character_set_client = utf8mb4 */;
CREATE TABLE `season_closures` (
  `id` varchar(191) COLLATE utf8mb4_unicode_ci NOT NULL,
  `seasonId` varchar(191) COLLATE utf8mb4_unicode_ci NOT NULL,
  `status` enum('PENDING','APPROVED') COLLATE utf8mb4_unicode_ci NOT NULL DEFAULT 'PENDING',
  `createdAt` datetime(3) NOT NULL DEFAULT CURRENT_TIMESTAMP(3),
  `approvedAt` datetime(3) DEFAULT NULL,
  PRIMARY KEY (`id`),
  UNIQUE KEY `season_closures_seasonId_key` (`seasonId`),
  CONSTRAINT `season_closures_seasonId_fkey` FOREIGN KEY (`seasonId`) REFERENCES `seasons` (`id`) ON DELETE CASCADE ON UPDATE CASCADE
) ENGINE=InnoDB DEFAULT CHARSET=utf8mb4 COLLATE=utf8mb4_unicode_ci;
/*!40101 SET character_set_client = @saved_cs_client */;

--
-- Dumping data for table `season_closures`
--

LOCK TABLES `season_closures` WRITE;
/*!40000 ALTER TABLE `season_closures` DISABLE KEYS */;
INSERT INTO `season_closures` VALUES ('cmircn19w0001hr5593fuboun','cmibvu2uj0000gz7md03yppe2','PENDING','2025-12-04 11:25:09.045',NULL),('cmircr5490025hr55q6z276jk','cmibvu3if00gpgz7memhm1nwj','PENDING','2025-12-04 11:28:20.650',NULL),('cmird33dy0001g3s6d2lw8rxy','cmibvu3b600asgz7mb6v7co43','APPROVED','2025-12-04 11:37:38.278','2025-12-04 11:40:18.268'),('cmirdjbk80002jps1zoxlgbzl','cmird7pep00f3fpum3lrunud2','PENDING','2025-12-04 11:50:15.368',NULL);
/*!40000 ALTER TABLE `season_closures` ENABLE KEYS */;
UNLOCK TABLES;

--
-- Table structure for table `seasons`
--

DROP TABLE IF EXISTS `seasons`;
/*!40101 SET @saved_cs_client     = @@character_set_client */;
/*!50503 SET character_set_client = utf8mb4 */;
CREATE TABLE `seasons` (
  `id` varchar(191) COLLATE utf8mb4_unicode_ci NOT NULL,
  `name` varchar(191) COLLATE utf8mb4_unicode_ci NOT NULL,
  `startDate` datetime(3) NOT NULL,
  `endDate` datetime(3) NOT NULL,
  `createdAt` datetime(3) NOT NULL DEFAULT CURRENT_TIMESTAMP(3),
  `updatedAt` datetime(3) NOT NULL,
  `previousSeasonId` varchar(191) COLLATE utf8mb4_unicode_ci DEFAULT NULL,
  `isActive` tinyint(1) NOT NULL DEFAULT '0',
  PRIMARY KEY (`id`),
  KEY `seasons_previousSeasonId_fkey` (`previousSeasonId`),
  CONSTRAINT `seasons_previousSeasonId_fkey` FOREIGN KEY (`previousSeasonId`) REFERENCES `seasons` (`id`) ON DELETE SET NULL ON UPDATE CASCADE
) ENGINE=InnoDB DEFAULT CHARSET=utf8mb4 COLLATE=utf8mb4_unicode_ci;
/*!40101 SET character_set_client = @saved_cs_client */;

--
-- Dumping data for table `seasons`
--

LOCK TABLES `seasons` WRITE;
/*!40000 ALTER TABLE `seasons` DISABLE KEYS */;
INSERT INTO `seasons` VALUES ('cmibvu2uj0000gz7md03yppe2','Temporada 2025NovDic','2025-11-01 00:00:00.000','2025-12-04 00:00:00.000','2025-11-23 15:38:11.563','2025-12-05 12:27:31.917',NULL,1),('cmibvu3b600asgz7mb6v7co43','Temporada 2024NovDic','2024-11-01 00:00:00.000','2024-12-31 23:59:59.000','2025-11-23 15:38:12.162','2025-12-04 11:47:30.041',NULL,0),('cmibvu3if00gpgz7memhm1nwj','Temporada 2023NovDic','2023-11-01 00:00:00.000','2023-12-31 23:59:59.000','2025-11-23 15:38:12.424','2025-12-04 11:47:30.041',NULL,0),('cmibvu3q500mmgz7mify4v8gv','Temporada 2022NovDic','2022-11-01 00:00:00.000','2022-12-31 23:59:59.000','2025-11-23 15:38:12.702','2025-12-04 11:47:30.041',NULL,0),('cmibvu3wu00sjgz7msp0fqel3','Temporada 2021NovDic','2021-11-01 00:00:00.000','2021-12-31 23:59:59.000','2025-11-23 15:38:12.942','2025-12-04 11:47:30.041',NULL,0),('cmird7pep00f3fpum3lrunud2','2025 (3m) #2','2025-04-30 23:00:00.000','2025-06-30 22:59:59.000','2025-12-04 11:41:13.441','2025-12-04 11:47:30.041',NULL,0);
/*!40000 ALTER TABLE `seasons` ENABLE KEYS */;
UNLOCK TABLES;

--
-- Table structure for table `users`
--

DROP TABLE IF EXISTS `users`;
/*!40101 SET @saved_cs_client     = @@character_set_client */;
/*!50503 SET character_set_client = utf8mb4 */;
CREATE TABLE `users` (
  `id` varchar(191) COLLATE utf8mb4_unicode_ci NOT NULL,
  `email` varchar(191) COLLATE utf8mb4_unicode_ci NOT NULL,
  `password` varchar(191) COLLATE utf8mb4_unicode_ci NOT NULL,
  `role` enum('PLAYER','ADMIN') COLLATE utf8mb4_unicode_ci NOT NULL DEFAULT 'PLAYER',
  `isActive` tinyint(1) NOT NULL DEFAULT '1',
  `createdAt` datetime(3) NOT NULL DEFAULT CURRENT_TIMESTAMP(3),
  `updatedAt` datetime(3) NOT NULL,
  PRIMARY KEY (`id`),
  UNIQUE KEY `users_email_key` (`email`)
) ENGINE=InnoDB DEFAULT CHARSET=utf8mb4 COLLATE=utf8mb4_unicode_ci;
/*!40101 SET character_set_client = @saved_cs_client */;

--
-- Dumping data for table `users`
--

LOCK TABLES `users` WRITE;
/*!40000 ALTER TABLE `users` DISABLE KEYS */;
INSERT INTO `users` VALUES ('cmibvu2w60001gz7mlolmvb4o','admin@freesquash.com','$2b$10$p2.Os5KuBkaT6npjfXWXgOZCGlFX7Ju9UpQt6j9wXlnw4YiHc6Sqq','ADMIN',1,'2025-11-23 15:38:11.623','2025-11-23 15:38:11.623'),('cmibvu2xu0004gz7mxs9ws40l','oier.quesada.example@freesquash.com','$2b$10$eoo.0Mw9833c7z1uME7Y0eArJRVxYyooyp0nRXqle0dmpA0Qi5k6O','PLAYER',1,'2025-11-23 15:38:11.683','2025-11-23 15:38:11.683'),('cmibvu2y30009gz7mnubhl31k','santi.tobias.example@freesquash.com','$2b$10$eoo.0Mw9833c7z1uME7Y0eArJRVxYyooyp0nRXqle0dmpA0Qi5k6O','PLAYER',1,'2025-11-23 15:38:11.692','2025-11-23 15:38:11.692'),('cmibvu2yb000egz7mh0ks4zxw','jon.toa.example@freesquash.com','$2b$10$eoo.0Mw9833c7z1uME7Y0eArJRVxYyooyp0nRXqle0dmpA0Qi5k6O','PLAYER',1,'2025-11-23 15:38:11.699','2025-11-23 15:38:11.699'),('cmibvu2yh000jgz7mw7b7d0on','aitor.garca.example@freesquash.com','$2b$10$eoo.0Mw9833c7z1uME7Y0eArJRVxYyooyp0nRXqle0dmpA0Qi5k6O','PLAYER',0,'2025-11-23 15:38:11.706','2025-12-05 12:37:33.009'),('cmibvu2yp000ogz7mxb8pf7zs','david.gancedo.example@freesquash.com','$2b$10$eoo.0Mw9833c7z1uME7Y0eArJRVxYyooyp0nRXqle0dmpA0Qi5k6O','PLAYER',1,'2025-11-23 15:38:11.714','2025-11-23 15:38:11.714'),('cmibvu2yz000tgz7manf4r2z8','bikendi.otlora.example@freesquash.com','$2b$10$eoo.0Mw9833c7z1uME7Y0eArJRVxYyooyp0nRXqle0dmpA0Qi5k6O','PLAYER',1,'2025-11-23 15:38:11.723','2025-11-23 15:38:11.723'),('cmibvu2z9000ygz7moyr8hh2y','itzel.reguero.example@freesquash.com','$2b$10$eoo.0Mw9833c7z1uME7Y0eArJRVxYyooyp0nRXqle0dmpA0Qi5k6O','PLAYER',1,'2025-11-23 15:38:11.733','2025-11-23 15:38:11.733'),('cmibvu2zk0013gz7ml1buhmq3','iigo.alonso.example@freesquash.com','$2b$10$eoo.0Mw9833c7z1uME7Y0eArJRVxYyooyp0nRXqle0dmpA0Qi5k6O','PLAYER',1,'2025-11-23 15:38:11.744','2025-11-23 15:38:11.744'),('cmibvu2zz001agz7m8pq0j526','cesar.berganzo.example@freesquash.com','$2b$10$eoo.0Mw9833c7z1uME7Y0eArJRVxYyooyp0nRXqle0dmpA0Qi5k6O','PLAYER',1,'2025-11-23 15:38:11.760','2025-11-23 15:38:11.760'),('cmibvu30a001fgz7mbcd9u32s','eneko.izquierdo.example@freesquash.com','$2b$10$eoo.0Mw9833c7z1uME7Y0eArJRVxYyooyp0nRXqle0dmpA0Qi5k6O','PLAYER',1,'2025-11-23 15:38:11.771','2025-11-23 15:38:11.771'),('cmibvu30l001kgz7m37o9x0az','javier.pacheco.example@freesquash.com','$2b$10$eoo.0Mw9833c7z1uME7Y0eArJRVxYyooyp0nRXqle0dmpA0Qi5k6O','PLAYER',1,'2025-11-23 15:38:11.781','2025-11-23 15:38:11.781'),('cmibvu30v001pgz7ml34vyzwe','alexander.egido.example@freesquash.com','$2b$10$eoo.0Mw9833c7z1uME7Y0eArJRVxYyooyp0nRXqle0dmpA0Qi5k6O','PLAYER',1,'2025-11-23 15:38:11.791','2025-11-23 15:38:11.791'),('cmibvu311001ugz7m0vlq66cl','javier.guinea.example@freesquash.com','$2b$10$eoo.0Mw9833c7z1uME7Y0eArJRVxYyooyp0nRXqle0dmpA0Qi5k6O','PLAYER',1,'2025-11-23 15:38:11.798','2025-11-23 15:38:11.798'),('cmibvu31b001zgz7mei8ooc1x','eneko.uriarte.example@freesquash.com','$2b$10$eoo.0Mw9833c7z1uME7Y0eArJRVxYyooyp0nRXqle0dmpA0Qi5k6O','PLAYER',1,'2025-11-23 15:38:11.807','2025-11-23 15:38:11.807'),('cmibvu31j0024gz7m5ool1pus','gari.surez.example@freesquash.com','$2b$10$eoo.0Mw9833c7z1uME7Y0eArJRVxYyooyp0nRXqle0dmpA0Qi5k6O','PLAYER',1,'2025-11-23 15:38:11.816','2025-11-23 15:38:11.816'),('cmibvu31s0029gz7mwtywbo95','pedro.a..garca.example@freesquash.com','$2b$10$eoo.0Mw9833c7z1uME7Y0eArJRVxYyooyp0nRXqle0dmpA0Qi5k6O','PLAYER',1,'2025-11-23 15:38:11.825','2025-11-23 15:38:11.825'),('cmibvu323002ggz7mq2hho3c0','javier.crespo.example@freesquash.com','$2b$10$eoo.0Mw9833c7z1uME7Y0eArJRVxYyooyp0nRXqle0dmpA0Qi5k6O','PLAYER',1,'2025-11-23 15:38:11.835','2025-11-23 15:38:11.835'),('cmibvu32a002lgz7mkvwpki8a','ruben.garca.example@freesquash.com','$2b$10$eoo.0Mw9833c7z1uME7Y0eArJRVxYyooyp0nRXqle0dmpA0Qi5k6O','PLAYER',1,'2025-11-23 15:38:11.842','2025-11-23 15:38:11.842'),('cmibvu32g002qgz7mez7g5vef','enrique.oquiena.example@freesquash.com','$2b$10$eoo.0Mw9833c7z1uME7Y0eArJRVxYyooyp0nRXqle0dmpA0Qi5k6O','PLAYER',1,'2025-11-23 15:38:11.848','2025-11-23 15:38:11.848'),('cmibvu32m002vgz7mjarvm372','vicente.avila.example@freesquash.com','$2b$10$eoo.0Mw9833c7z1uME7Y0eArJRVxYyooyp0nRXqle0dmpA0Qi5k6O','PLAYER',1,'2025-11-23 15:38:11.854','2025-11-23 15:38:11.854'),('cmibvu32r0030gz7mr0dacfg8','hctor.velasco.example@freesquash.com','$2b$10$eoo.0Mw9833c7z1uME7Y0eArJRVxYyooyp0nRXqle0dmpA0Qi5k6O','PLAYER',1,'2025-11-23 15:38:11.860','2025-11-23 15:38:11.860'),('cmibvu32y0035gz7mut530j2v','jon.barrena.example@freesquash.com','$2b$10$eoo.0Mw9833c7z1uME7Y0eArJRVxYyooyp0nRXqle0dmpA0Qi5k6O','PLAYER',1,'2025-11-23 15:38:11.867','2025-11-23 15:38:11.867'),('cmibvu334003agz7mi22ps0pw','sergio.barqun.example@freesquash.com','$2b$10$eoo.0Mw9833c7z1uME7Y0eArJRVxYyooyp0nRXqle0dmpA0Qi5k6O','PLAYER',1,'2025-11-23 15:38:11.873','2025-11-23 15:38:11.873'),('cmibvu33a003fgz7mzm3fj1dv','asier.renobales.example@freesquash.com','$2b$10$eoo.0Mw9833c7z1uME7Y0eArJRVxYyooyp0nRXqle0dmpA0Qi5k6O','PLAYER',1,'2025-11-23 15:38:11.878','2025-11-23 15:38:11.878'),('cmibvu33i003mgz7miqqgphz8','luis.m..rodrguez.example@freesquash.com','$2b$10$eoo.0Mw9833c7z1uME7Y0eArJRVxYyooyp0nRXqle0dmpA0Qi5k6O','PLAYER',1,'2025-11-23 15:38:11.886','2025-11-23 15:38:11.886'),('cmibvu33o003rgz7mym3dx50q','sergio.basconcillos.example@freesquash.com','$2b$10$eoo.0Mw9833c7z1uME7Y0eArJRVxYyooyp0nRXqle0dmpA0Qi5k6O','PLAYER',1,'2025-11-23 15:38:11.892','2025-11-23 15:38:11.892'),('cmibvu33v003wgz7mo4cmty6t','iker.estibariz.example@freesquash.com','$2b$10$eoo.0Mw9833c7z1uME7Y0eArJRVxYyooyp0nRXqle0dmpA0Qi5k6O','PLAYER',1,'2025-11-23 15:38:11.899','2025-11-23 15:38:11.899'),('cmibvu3410041gz7mua2bwjjb','iigo.ullibarri.example@freesquash.com','$2b$10$eoo.0Mw9833c7z1uME7Y0eArJRVxYyooyp0nRXqle0dmpA0Qi5k6O','PLAYER',1,'2025-11-23 15:38:11.905','2025-11-23 15:38:11.905'),('cmibvu3460046gz7m41bnaybz','aritz.ruiz.de.azua.example@freesquash.com','$2b$10$eoo.0Mw9833c7z1uME7Y0eArJRVxYyooyp0nRXqle0dmpA0Qi5k6O','PLAYER',1,'2025-11-23 15:38:11.911','2025-11-23 15:38:11.911'),('cmibvu34c004bgz7m1riigjbj','yeray.olgado.example@freesquash.com','$2b$10$eoo.0Mw9833c7z1uME7Y0eArJRVxYyooyp0nRXqle0dmpA0Qi5k6O','PLAYER',1,'2025-11-23 15:38:11.916','2025-11-23 15:38:11.916'),('cmibvu34i004ggz7muewrd27g','alberto.garca.s.m.example@freesquash.com','$2b$10$eoo.0Mw9833c7z1uME7Y0eArJRVxYyooyp0nRXqle0dmpA0Qi5k6O','PLAYER',1,'2025-11-23 15:38:11.923','2025-11-23 15:38:11.923'),('cmibvu34o004lgz7m75312eij','javier.uribe.example@freesquash.com','$2b$10$eoo.0Mw9833c7z1uME7Y0eArJRVxYyooyp0nRXqle0dmpA0Qi5k6O','PLAYER',1,'2025-11-23 15:38:11.928','2025-11-23 15:38:11.928'),('cmibvu34t004qgz7mzxpuwjjh','urtzi.diaz.example@freesquash.com','$2b$10$eoo.0Mw9833c7z1uME7Y0eArJRVxYyooyp0nRXqle0dmpA0Qi5k6O','PLAYER',1,'2025-11-23 15:38:11.933','2025-11-23 15:38:11.933'),('cmibvu351004xgz7mjbu11lzc','antonio.perez.example@freesquash.com','$2b$10$eoo.0Mw9833c7z1uME7Y0eArJRVxYyooyp0nRXqle0dmpA0Qi5k6O','PLAYER',1,'2025-11-23 15:38:11.942','2025-11-23 15:38:11.942'),('cmibvu3570052gz7mkrbva86g','fernando.alonso.example@freesquash.com','$2b$10$eoo.0Mw9833c7z1uME7Y0eArJRVxYyooyp0nRXqle0dmpA0Qi5k6O','PLAYER',1,'2025-11-23 15:38:11.947','2025-11-23 15:38:11.947'),('cmibvu35c0057gz7mub0oot3w','miguel.ricarte.example@freesquash.com','$2b$10$eoo.0Mw9833c7z1uME7Y0eArJRVxYyooyp0nRXqle0dmpA0Qi5k6O','PLAYER',1,'2025-11-23 15:38:11.953','2025-11-23 15:38:11.953'),('cmibvu35i005cgz7m4eju0ll1','javier.fuente.example@freesquash.com','$2b$10$eoo.0Mw9833c7z1uME7Y0eArJRVxYyooyp0nRXqle0dmpA0Qi5k6O','PLAYER',1,'2025-11-23 15:38:11.959','2025-11-23 15:38:11.959'),('cmibvu35o005hgz7m4lh0igkk','vctor.cirre.example@freesquash.com','$2b$10$eoo.0Mw9833c7z1uME7Y0eArJRVxYyooyp0nRXqle0dmpA0Qi5k6O','PLAYER',1,'2025-11-23 15:38:11.965','2025-11-23 15:38:11.965'),('cmibvu35u005mgz7mmocmzbw1','ander.leyn.example@freesquash.com','$2b$10$eoo.0Mw9833c7z1uME7Y0eArJRVxYyooyp0nRXqle0dmpA0Qi5k6O','PLAYER',1,'2025-11-23 15:38:11.970','2025-11-23 15:38:11.970'),('cmibvu363005rgz7m27ih7eqk','aratz.mugica.example@freesquash.com','$2b$10$eoo.0Mw9833c7z1uME7Y0eArJRVxYyooyp0nRXqle0dmpA0Qi5k6O','PLAYER',1,'2025-11-23 15:38:11.979','2025-11-23 15:38:11.979'),('cmibvu36a005wgz7mhohp8xsk','patxi.minguez.example@freesquash.com','$2b$10$eoo.0Mw9833c7z1uME7Y0eArJRVxYyooyp0nRXqle0dmpA0Qi5k6O','PLAYER',1,'2025-11-23 15:38:11.986','2025-11-23 15:38:11.986'),('cmibvu36g0061gz7mff835amn','jon.ander.calleja.example@freesquash.com','$2b$10$eoo.0Mw9833c7z1uME7Y0eArJRVxYyooyp0nRXqle0dmpA0Qi5k6O','PLAYER',1,'2025-11-23 15:38:11.993','2025-11-23 15:38:11.993'),('cmibvu36o0068gz7mcjvyocsy','alberto.garca.alvaro.example@freesquash.com','$2b$10$eoo.0Mw9833c7z1uME7Y0eArJRVxYyooyp0nRXqle0dmpA0Qi5k6O','PLAYER',1,'2025-11-23 15:38:12.001','2025-11-23 15:38:12.001'),('cmibvu36v006dgz7m3y3gg1d0','mikel.fernandez.example@freesquash.com','$2b$10$eoo.0Mw9833c7z1uME7Y0eArJRVxYyooyp0nRXqle0dmpA0Qi5k6O','PLAYER',1,'2025-11-23 15:38:12.007','2025-11-23 15:38:12.007'),('cmibvu371006igz7mfv58h5gx','gorka.ramirez.example@freesquash.com','$2b$10$eoo.0Mw9833c7z1uME7Y0eArJRVxYyooyp0nRXqle0dmpA0Qi5k6O','PLAYER',1,'2025-11-23 15:38:12.013','2025-11-23 15:38:12.013'),('cmibvu376006ngz7mtnlqxfb1','jos.andrs.gil.example@freesquash.com','$2b$10$eoo.0Mw9833c7z1uME7Y0eArJRVxYyooyp0nRXqle0dmpA0Qi5k6O','PLAYER',1,'2025-11-23 15:38:12.018','2025-11-23 15:38:12.018'),('cmibvu37b006sgz7mw7rr80mz','axier.plaza.example@freesquash.com','$2b$10$eoo.0Mw9833c7z1uME7Y0eArJRVxYyooyp0nRXqle0dmpA0Qi5k6O','PLAYER',1,'2025-11-23 15:38:12.023','2025-11-23 15:38:12.023'),('cmibvu37f006xgz7mw5xmt4a0','asier.etxenike.example@freesquash.com','$2b$10$eoo.0Mw9833c7z1uME7Y0eArJRVxYyooyp0nRXqle0dmpA0Qi5k6O','PLAYER',1,'2025-11-23 15:38:12.027','2025-11-23 15:38:12.027'),('cmibvu37j0072gz7mvzccyu33','enekoitz.arregi.example@freesquash.com','$2b$10$eoo.0Mw9833c7z1uME7Y0eArJRVxYyooyp0nRXqle0dmpA0Qi5k6O','PLAYER',1,'2025-11-23 15:38:12.032','2025-11-23 15:38:12.032'),('cmibvu37o0077gz7msva33wgc','ricardo.alvarez.example@freesquash.com','$2b$10$eoo.0Mw9833c7z1uME7Y0eArJRVxYyooyp0nRXqle0dmpA0Qi5k6O','PLAYER',1,'2025-11-23 15:38:12.036','2025-11-23 15:38:12.036'),('cmibvu37s007cgz7m76ty3u5q','jon.ander.errasti.example@freesquash.com','$2b$10$eoo.0Mw9833c7z1uME7Y0eArJRVxYyooyp0nRXqle0dmpA0Qi5k6O','PLAYER',1,'2025-11-23 15:38:12.041','2025-11-23 15:38:12.041'),('cmibvu37y007jgz7msoahvjod','felix.martn.example@freesquash.com','$2b$10$eoo.0Mw9833c7z1uME7Y0eArJRVxYyooyp0nRXqle0dmpA0Qi5k6O','PLAYER',1,'2025-11-23 15:38:12.046','2025-11-23 15:38:12.046'),('cmibvu382007ogz7mekheksxb','igo.hernndez.example@freesquash.com','$2b$10$eoo.0Mw9833c7z1uME7Y0eArJRVxYyooyp0nRXqle0dmpA0Qi5k6O','PLAYER',1,'2025-11-23 15:38:12.051','2025-11-23 15:38:12.051'),('cmibvu387007tgz7mq9bn93ja','roberto.mediavilla.example@freesquash.com','$2b$10$eoo.0Mw9833c7z1uME7Y0eArJRVxYyooyp0nRXqle0dmpA0Qi5k6O','PLAYER',1,'2025-11-23 15:38:12.055','2025-11-23 15:38:12.055'),('cmibvu38b007ygz7mly1r3ej8','aitor.de.la.fuente.example@freesquash.com','$2b$10$eoo.0Mw9833c7z1uME7Y0eArJRVxYyooyp0nRXqle0dmpA0Qi5k6O','PLAYER',1,'2025-11-23 15:38:12.059','2025-11-23 15:38:12.059'),('cmibvu38f0083gz7mvy2hbud9','chesco.angulo.example@freesquash.com','$2b$10$eoo.0Mw9833c7z1uME7Y0eArJRVxYyooyp0nRXqle0dmpA0Qi5k6O','PLAYER',1,'2025-11-23 15:38:12.064','2025-11-23 15:38:12.064'),('cmibvu38k0088gz7mqmcai4qc','ahmad.f..hamam.example@freesquash.com','$2b$10$eoo.0Mw9833c7z1uME7Y0eArJRVxYyooyp0nRXqle0dmpA0Qi5k6O','PLAYER',1,'2025-11-23 15:38:12.068','2025-11-23 15:38:12.068'),('cmibvu38o008dgz7m85t3a06r','josu.jauregui.example@freesquash.com','$2b$10$eoo.0Mw9833c7z1uME7Y0eArJRVxYyooyp0nRXqle0dmpA0Qi5k6O','PLAYER',1,'2025-11-23 15:38:12.073','2025-11-23 15:38:12.073'),('cmibvu38t008igz7mmivy3khs','asier.usunaga.example@freesquash.com','$2b$10$eoo.0Mw9833c7z1uME7Y0eArJRVxYyooyp0nRXqle0dmpA0Qi5k6O','PLAYER',1,'2025-11-23 15:38:12.077','2025-11-23 15:38:12.077'),('cmibvu38z008pgz7mmy9zeuu0','david.arias.example@freesquash.com','$2b$10$eoo.0Mw9833c7z1uME7Y0eArJRVxYyooyp0nRXqle0dmpA0Qi5k6O','PLAYER',1,'2025-11-23 15:38:12.083','2025-11-23 15:38:12.083'),('cmibvu393008ugz7m66e58sv0','cristian.chaves.example@freesquash.com','$2b$10$eoo.0Mw9833c7z1uME7Y0eArJRVxYyooyp0nRXqle0dmpA0Qi5k6O','PLAYER',1,'2025-11-23 15:38:12.088','2025-11-23 15:38:12.088'),('cmibvu398008zgz7m39z7gwsk','aitor.alonso.example@freesquash.com','$2b$10$eoo.0Mw9833c7z1uME7Y0eArJRVxYyooyp0nRXqle0dmpA0Qi5k6O','PLAYER',1,'2025-11-23 15:38:12.092','2025-11-23 15:38:12.092'),('cmibvu39d0094gz7mkxeyxxt3','markel.santamara.example@freesquash.com','$2b$10$eoo.0Mw9833c7z1uME7Y0eArJRVxYyooyp0nRXqle0dmpA0Qi5k6O','PLAYER',1,'2025-11-23 15:38:12.097','2025-11-23 15:38:12.097'),('cmibvu39i0099gz7m1lv5v2kf','damin.escobero.example@freesquash.com','$2b$10$eoo.0Mw9833c7z1uME7Y0eArJRVxYyooyp0nRXqle0dmpA0Qi5k6O','PLAYER',1,'2025-11-23 15:38:12.102','2025-11-23 15:38:12.102'),('cmibvu39m009egz7m17oiyzoq','julen.arejolaleiba.example@freesquash.com','$2b$10$eoo.0Mw9833c7z1uME7Y0eArJRVxYyooyp0nRXqle0dmpA0Qi5k6O','PLAYER',1,'2025-11-23 15:38:12.107','2025-11-23 15:38:12.107'),('cmibvu39r009jgz7mswlgjxd9','jon.narvez.example@freesquash.com','$2b$10$eoo.0Mw9833c7z1uME7Y0eArJRVxYyooyp0nRXqle0dmpA0Qi5k6O','PLAYER',1,'2025-11-23 15:38:12.111','2025-11-23 15:38:12.111'),('cmibvu39z009ogz7mbpau6fet','iigo.viana.example@freesquash.com','$2b$10$eoo.0Mw9833c7z1uME7Y0eArJRVxYyooyp0nRXqle0dmpA0Qi5k6O','PLAYER',1,'2025-11-23 15:38:12.119','2025-11-23 15:38:12.119'),('cmibvu3a5009tgz7mu79ycfxz','guillermo.fortan.example@freesquash.com','$2b$10$eoo.0Mw9833c7z1uME7Y0eArJRVxYyooyp0nRXqle0dmpA0Qi5k6O','PLAYER',1,'2025-11-23 15:38:12.125','2025-11-23 15:38:12.125'),('cmibvu3ac009ygz7mg0mrim1t','juan.lopez.example@freesquash.com','$2b$10$eoo.0Mw9833c7z1uME7Y0eArJRVxYyooyp0nRXqle0dmpA0Qi5k6O','PLAYER',1,'2025-11-23 15:38:12.133','2025-11-23 15:38:12.133'),('cmibvu3ai00a3gz7mu9tsdai4','enrique.estibariz.example@freesquash.com','$2b$10$eoo.0Mw9833c7z1uME7Y0eArJRVxYyooyp0nRXqle0dmpA0Qi5k6O','PLAYER',1,'2025-11-23 15:38:12.138','2025-11-23 15:38:12.138'),('cmibvu3an00a8gz7muw019t0v','asier.barrieta.example@freesquash.com','$2b$10$eoo.0Mw9833c7z1uME7Y0eArJRVxYyooyp0nRXqle0dmpA0Qi5k6O','PLAYER',1,'2025-11-23 15:38:12.143','2025-11-23 15:38:12.143'),('cmibvu3as00adgz7mv1z98tzx','simon.garca.example@freesquash.com','$2b$10$eoo.0Mw9833c7z1uME7Y0eArJRVxYyooyp0nRXqle0dmpA0Qi5k6O','PLAYER',1,'2025-11-23 15:38:12.148','2025-11-23 15:38:12.148'),('cmibvu3ax00aigz7muq9f0jz7','iaki.hualde.example@freesquash.com','$2b$10$eoo.0Mw9833c7z1uME7Y0eArJRVxYyooyp0nRXqle0dmpA0Qi5k6O','PLAYER',1,'2025-11-23 15:38:12.153','2025-11-23 15:38:12.153'),('cmibvu3b100angz7m674dkvhe','xabi.fndz..de.gaceo.example@freesquash.com','$2b$10$eoo.0Mw9833c7z1uME7Y0eArJRVxYyooyp0nRXqle0dmpA0Qi5k6O','PLAYER',1,'2025-11-23 15:38:12.157','2025-11-23 15:38:12.157');
/*!40000 ALTER TABLE `users` ENABLE KEYS */;
UNLOCK TABLES;

--
-- Dumping routines for database 'railway'
--
/*!40103 SET TIME_ZONE=@OLD_TIME_ZONE */;

/*!40101 SET SQL_MODE=@OLD_SQL_MODE */;
/*!40014 SET FOREIGN_KEY_CHECKS=@OLD_FOREIGN_KEY_CHECKS */;
/*!40014 SET UNIQUE_CHECKS=@OLD_UNIQUE_CHECKS */;
/*!40101 SET CHARACTER_SET_CLIENT=@OLD_CHARACTER_SET_CLIENT */;
/*!40101 SET CHARACTER_SET_RESULTS=@OLD_CHARACTER_SET_RESULTS */;
/*!40101 SET COLLATION_CONNECTION=@OLD_COLLATION_CONNECTION */;
/*!40111 SET SQL_NOTES=@OLD_SQL_NOTES */;

-- Dump completed on 2025-12-17  9:42:14
